"PR2/pr2_controllers"	"The controllers that run in realtime on the PR2 and supporting packages."	"https://github.com/PR2/pr2_controllers"	"melodic-devel"	"1"	"0"
"ROBOTIS-GIT/ROBOTIS-THORMANG-MPC"	"ROS packages for the motion of THORMANG3, MPC means Motion PC."	"https://github.com/ROBOTIS-GIT/ROBOTIS-THORMANG-MPC"	"master"	"2"	"0"
"wavelab/atl"	"Autonomous Quadrotor Landing"	"https://github.com/wavelab/atl"	"ros"	"19"	"0"
"ros-planning/navigation_experimental"	"Experimental navigation techniques for ROS robots."	"https://github.com/ros-planning/navigation_experimental"	"kinetic-devel"	"7"	"0"
"ros-industrial/fanuc"	"ROS-Industrial Fanuc meta-package (http://wiki.ros.org/fanuc)"	"https://github.com/ros-industrial/fanuc"	"indigo-devel"	"579"	"0"
"inomuh/evapc_ros"	"pc libraries of evarobot"	"https://github.com/inomuh/evapc_ros"	"indigo-devel"	"28"	"0"
"PilzDE/pilz_industrial_motion"	"Industrial trajectory generation for MoveIt!."	"https://github.com/PilzDE/pilz_industrial_motion"	"kinetic-devel"	"47"	"0"
"IFL-CAMP/iiwa_stack"	"ROS integration for the KUKA LBR IIWA R800/R820 (7/14 Kg)."	"https://github.com/IFL-CAMP/iiwa_stack"	"master"	"33"	"0"
"ipa320/cob_environments"	""	"https://github.com/ipa320/cob_environments"	"indigo_dev"	"2"	"0"
"jackal/jackal_robot"	"Robot packages for Jackal"	"https://github.com/jackal/jackal_robot"	"kinetic-devel"	"2"	"0"
"leggedrobotics/free_gait"	"An Architecture for the Versatile Control of Legged Robots"	"https://github.com/leggedrobotics/free_gait"	"master"	"3"	"0"
"astuff/ibeo_scala"	"ROS Driver for Ibeo Scala and Scala Fusion Products"	"https://github.com/astuff/ibeo_scala"	"master"	"1"	"0"
"ros-naoqi/naoqi_bridge"	"ROS stack to interact with NAOqi"	"https://github.com/ros-naoqi/naoqi_bridge"	"master"	"14"	"0"
"ros-industrial/abb"	"ROS-Industrial ABB meta-package (http://wiki.ros.org/abb)"	"https://github.com/ros-industrial/abb"	"kinetic-devel"	"93"	"0"
"appinho/SARosPerceptionKitti"	"ROS package for the Perception (Sensor Processing, Detection, Tracking and Evaluation) of the KITTI Vision Benchmark Suite"	"https://github.com/appinho/SARosPerceptionKitti"	"master"	"4"	"0"
"tork-a/roswww"	"Tiny web server for ROS (forked from https://github.com/jihoonl/roswww)"	"https://github.com/tork-a/roswww"	"develop"	"3"	"0"
"robotics-in-concert/rocon_concert"	"Orchestration packages for the multi-robot environment."	"https://github.com/robotics-in-concert/rocon_concert"	"devel"	"2"	"0"
"ros-industrial/motoman"	"ROS-Industrial Motoman meta-package (http://wiki.ros.org/motoman)"	"https://github.com/ros-industrial/motoman"	"kinetic-devel"	"135"	"0"
"ros-industrial/robotiq"	"ROS-Industrial Robotiq meta-package (http://wiki.ros.org/robotiq)"	"https://github.com/ros-industrial/robotiq"	"kinetic-devel"	"8"	"0"
"JenniferBuehler/graspit-pkgs"	"Collection of packages related to GraspIt!"	"https://github.com/JenniferBuehler/graspit-pkgs"	"master"	"13"	"0"
"davidbsp/patrolling_sim"	"patrolling_sim for ROS"	"https://github.com/davidbsp/patrolling_sim"	"master"	"4"	"0"
"DrawZeroPoint/drv_package_v2"	"Robot Vision System based on ROS and Deep Learning technology"	"https://github.com/DrawZeroPoint/drv_package_v2"	"master"	"9"	"0"
"ros-controls/realtime_tools"	""	"https://github.com/ros-controls/realtime_tools"	"melodic-devel"	"2"	"0"
"autonohm/ohm_tsd_slam"	"SLAM approach based on truncated signed distance transform"	"https://github.com/autonohm/ohm_tsd_slam"	"master"	"3"	"0"
"tork-a/visualization_rwt"	"visualization packages for rwt"	"https://github.com/tork-a/visualization_rwt"	"kinetic-devel"	"12"	"0"
"ros-planning/navigation2"	"ROS2 Navigation"	"https://github.com/ros-planning/navigation2"	"master"	"3"	"11"
"swri-robotics/novatel_gps_driver"	"ROS driver for NovAtel GPS / GNSS receivers"	"https://github.com/swri-robotics/novatel_gps_driver"	"master"	"3"	"0"
"ekumenlabs/tangobot"	"Android app to navigate using Tango services as input."	"https://github.com/ekumenlabs/tangobot"	"master"	"2"	"0"
"ipa320/cob_manipulation"	""	"https://github.com/ipa320/cob_manipulation"	"kinetic_dev"	"24"	"0"
"grvcTeam/grvc-ual"	"An abstraction layer for unmanned aerial vehicles"	"https://github.com/grvcTeam/grvc-ual"	"master"	"6"	"0"
"ros-industrial/industrial_ci"	"Easy continuous integration repository for ROS repositories"	"https://github.com/ros-industrial/industrial_ci"	"legacy"	"2"	"0"
"ros-industrial/industrial_training"	"ROS-Industrial Training Material"	"https://github.com/ros-industrial/industrial_training"	"melodic"	"394"	"0"
"ScazLab/ros_speech2text"	"A ROS package that uses Google Cloud Speech to provide speech to text service"	"https://github.com/ScazLab/ros_speech2text"	"master"	"2"	"0"
"ros-controls/ros_controllers"	"Generic robotic controllers to accompany ros_control"	"https://github.com/ros-controls/ros_controllers"	"melodic-devel"	"59"	"0"
"UBC-Thunderbots/Software"	"Robot Soccer Playing AI"	"https://github.com/UBC-Thunderbots/Software"	"master"	"11"	"0"
"OUXT-Polaris/robotx_packages"	"ROS packages for Maritime RobotX Challenge"	"https://github.com/OUXT-Polaris/robotx_packages"	"master"	"16"	"0"
"ros-planning/moveit"	":robot: The MoveIt! motion planning framework"	"https://github.com/ros-planning/moveit"	"master"	"56"	"0"
"tuw-robotics/tuw_marker_detection"	""	"https://github.com/tuw-robotics/tuw_marker_detection"	"melodic"	"11"	"0"
"ipa320/bride"	"BRIDE IDE for ROS development"	"https://github.com/ipa320/bride"	"develop"	"5"	"0"
"MichalDobis/osm_planner"	"Experimental ROS package for finding path on OpenStreetMap using dijkstra algorithm"	"https://github.com/MichalDobis/osm_planner"	"master"	"4"	"0"
"ooleksyuk/CarND-Capstone"	"CarND Capstone"	"https://github.com/ooleksyuk/CarND-Capstone"	"master"	"14"	"0"
"ipab-slmc/exotica"	"Extensible Optimization Framework"	"https://github.com/ipab-slmc/exotica"	"master"	"38"	"0"
"xqms/rosmon"	"ROS node launcher & monitoring daemon"	"https://github.com/xqms/rosmon"	"master"	"6"	"0"
"HebiRobotics/HEBI-ROS"	"HEBI ROS Examples/API/etc."	"https://github.com/HebiRobotics/HEBI-ROS"	"master"	"47"	"0"
"tum-phoenix/phx_quadrocopter_ros"	"The ROS packages for the TUM Phoenix Autonomous Flight Project"	"https://github.com/tum-phoenix/phx_quadrocopter_ros"	"master"	"44"	"0"
"hrnr/robo-rescue"	"ROS nodes for rescue robots"	"https://github.com/hrnr/robo-rescue"	"master"	"7"	"0"
"ros-industrial/ros_canopen"	"CANopen driver framework for ROS (http://wiki.ros.org/ros_canopen)"	"https://github.com/ros-industrial/ros_canopen"	"melodic-devel"	"4"	"0"
"smaillot/multiple-kinects-auto-calibration"	""	"https://github.com/smaillot/multiple-kinects-auto-calibration"	"master"	"10"	"0"
"start-jsk/denso"	"A controller package suite for robots from Densowave based on open-industrial-ros-controllers"	"https://github.com/start-jsk/denso"	"kinetic-devel"	"46"	"0"
"Arpafaucon/sp"	"ENSTA Year project"	"https://github.com/Arpafaucon/sp"	"master"	"19"	"0"
"at-wat/neonavigation"	"A 2-D/3-DOF seamless global/local mobile robot motion planner package for ROS"	"https://github.com/at-wat/neonavigation"	"master"	"17"	"0"
"eborghi10/my_ROS_mobile_robot"	"Differential drive mobile robot using ROS."	"https://github.com/eborghi10/my_ROS_mobile_robot"	"master"	"8"	"0"
"ros-industrial-consortium/godel"	"ROS-Industrial Focused Technical Project: Robotic Blending"	"https://github.com/ros-industrial-consortium/godel"	"kinetic-devel"	"70"	"0"
"SJSU-AD/FusionAD"	"An open source autonomous driving stack by San Jose State University Autonomous Driving Team"	"https://github.com/SJSU-AD/FusionAD"	"develop"	"50"	"0"
"felixendres/rgbdslam_v2"	"RGB-D SLAM for ROS"	"https://github.com/felixendres/rgbdslam_v2"	"kinetic"	"8"	"0"
"ros-industrial/ur_modern_driver"	"ROS driver for CB1, CB2 and CB3+ controllers with UR3, UR5 or UR10 robots from Universal Robots"	"https://github.com/ros-industrial/ur_modern_driver"	"master"	"12"	"0"
"ros-planning/robot_pose_ekf"	"robot_pose_ekf package for ROS Melodic and later"	"https://github.com/ros-planning/robot_pose_ekf"	"master"	"4"	"0"
"OSLL/tiny-slam-ros-cpp"	"TinySLAM implementation for ROS (C++ version)"	"https://github.com/OSLL/tiny-slam-ros-cpp"	"master"	"1"	"0"
"ANYbotics/elevation_mapping"	"Robot-centric elevation mapping for rough terrain navigation"	"https://github.com/ANYbotics/elevation_mapping"	"master"	"5"	"0"
"ros-perception/slam_gmapping"	"http://www.ros.org/wiki/slam_gmapping"	"https://github.com/ros-perception/slam_gmapping"	"hydro-devel"	"7"	"0"
"DJTobias/Cherry-Autonomous-Racecar"	"Implementation of the CNN from End to End Learning for Self-Driving Cars on a Nvidia Jetson TX1 using Tensorflow and ROS"	"https://github.com/DJTobias/Cherry-Autonomous-Racecar"	"master"	"2"	"0"
"ros-planning/moveit_pr2"	"MoveIt! Packages for PR2"	"https://github.com/ros-planning/moveit_pr2"	"kinetic-devel"	"53"	"0"
"byu-magicc/rosplane"	"A basic fixed-wing autopilot for ROS - based on the textbook ""Small Unmanned Aircraft: Theory and Practice"" by Randy Beard and Tim McLain"	"https://github.com/byu-magicc/rosplane"	"RC1.0"	"3"	"0"
"g/grizzly"	"Lightweight Grizzly packages common to robot and desktop"	"https://github.com/g/grizzly"	"kinetic-devel"	"8"	"0"
"PR2/pr2_apps"	""	"https://github.com/PR2/pr2_apps"	"melodic-devel"	"17"	"0"
"AUV-IITK/Varun-Software"	"Documentation at http://auv-iitk.github.io/auv2016/"	"https://github.com/AUV-IITK/Varun-Software"	"master"	"18"	"0"
"introlab/rtabmap_ros"	"RTAB-Map's ROS package."	"https://github.com/introlab/rtabmap_ros"	"master"	"55"	"0"
"fetchrobotics/fetch_robots"	"Bringup for fetch & freight"	"https://github.com/fetchrobotics/fetch_robots"	"melodic-devel"	"22"	"0"
"ipa320/schunk_modular_robotics"	""	"https://github.com/ipa320/schunk_modular_robotics"	"indigo_dev"	"1"	"0"
"jsk-ros-pkg/jsk_recognition"	"JSK perception ROS packages"	"https://github.com/jsk-ros-pkg/jsk_recognition"	"master"	"414"	"0"
"osu-uwrt/riptide_software"	"The software packages which power The OSU Underwater Robotics Team's AUV."	"https://github.com/osu-uwrt/riptide_software"	"master"	"49"	"0"
"Nishida-Lab/rosbook_pkgs"	"„ÄåÂÆüÁî®„É≠„Éú„ÉÉ„ÉàÈñãÁô∫„ÅÆ„Åü„ÇÅ„ÅÆROS„Éó„É≠„Ç∞„É©„Éü„É≥„Ç∞„Äç„Çµ„É≥„Éó„É´„Ç≥„Éº„Éâ"	"https://github.com/Nishida-Lab/rosbook_pkgs"	"master"	"33"	"0"
"jsk-ros-pkg/jsk_roseus"	"ROS EusLisp Client"	"https://github.com/jsk-ros-pkg/jsk_roseus"	"master"	"65"	"0"
"skasperski/navigation_2d"	"ROS nodes to navigate a mobile robot in a planar environment"	"https://github.com/skasperski/navigation_2d"	"master"	"4"	"0"
"Jaeyoung-Lim/mavros_controllers"	"Aggressive trajectory tracking using mavros for PX4 enabled vehicles"	"https://github.com/Jaeyoung-Lim/mavros_controllers"	"master"	"8"	"0"
"PR2/pr2_common_actions"	""	"https://github.com/PR2/pr2_common_actions"	"kinetic-devel"	"1"	"0"
"sigmaai/self-driving-golf-cart"	"Be Driven üöò"	"https://github.com/sigmaai/self-driving-golf-cart"	"master"	"30"	"0"
"StanfordVL/GibsonEnv"	"Gibson Environments: Real-World Perception for Embodied Agents"	"https://github.com/StanfordVL/GibsonEnv"	"master"	"12"	"0"
"Terabee/teraranger_array"	"ROS package for TeraRanger sensor arrays"	"https://github.com/Terabee/teraranger_array"	"master"	"4"	"0"
"ros-planning/moveit_ros"	"THIS REPO HAS MOVED TO https://github.com/ros-planning/moveit"	"https://github.com/ros-planning/moveit_ros"	"kinetic-devel"	"1"	"0"
"kanakkabara/Autonomous-Drifting"	"Autonomous Drifting using Reinforcement Learning "	"https://github.com/kanakkabara/Autonomous-Drifting"	"master"	"4"	"0"
"pal-robotics/perception_blort"	"opencv"	"https://github.com/pal-robotics/perception_blort"	"hydro-devel"	"13"	"0"
"ros-planning/srdfdom"	"Semantic Robot Description Format"	"https://github.com/ros-planning/srdfdom"	"melodic-devel"	"2"	"0"
"ipa320/cob_command_tools"	""	"https://github.com/ipa320/cob_command_tools"	"indigo_dev"	"6"	"0"
"YI-LING-BA-JI-JHUAN-TI-SHENG/project"	"This project is a project for COMPUTER PROJECT DESIGN"	"https://github.com/YI-LING-BA-JI-JHUAN-TI-SHENG/project"	"master"	"25"	"0"
"PR2/pr2_robot"	"PR2-specific components that are used in bringing up a robot."	"https://github.com/PR2/pr2_robot"	"kinetic-devel"	"21"	"0"
"ridgeback/ridgeback"	"Common packages for Ridgeback."	"https://github.com/ridgeback/ridgeback"	"kinetic-devel"	"9"	"0"
"start-jsk/rtmros_common"	"OpenRTM - ROS interoperability packages"	"https://github.com/start-jsk/rtmros_common"	"master"	"33"	"0"
"nmssilva/augmented_perception"	"Semi-automatic detection, tracking and labelling of active targets for autonomous driving."	"https://github.com/nmssilva/augmented_perception"	"master"	"12"	"0"
"ros-perception/opencv_apps"	"http://wiki.ros.org/opencv_apps"	"https://github.com/ros-perception/opencv_apps"	"indigo"	"56"	"0"
"shiva-agrawal/my_projects"	"Robotics and Autonomous driving related projects"	"https://github.com/shiva-agrawal/my_projects"	"master"	"10"	"0"
"ros/bond_core"	"Maintains a bond (i.e. heart beat ) between ROS nodes and provides feedback when the bond is broken"	"https://github.com/ros/bond_core"	"kinetic-devel"	"4"	"0"
"start-jsk/hrpsys"	"An OpenRTM-aist-based robot controller. This package is the most tailored for humanoid (dual-arm and/or biped) robots for historical reason."	"https://github.com/start-jsk/hrpsys"	"master"	"9"	"0"
"flytbase/flytsamples"	"Sample Apps for FlytOS"	"https://github.com/flytbase/flytsamples"	"master"	"2"	"0"
"RoboJackets/roboracing-software"	"ROS packages for the RoboJackets RoboRacing team."	"https://github.com/RoboJackets/roboracing-software"	"master"	"71"	"0"
"diogoalmeida/sarafun_bt"	"Behavior Trees for the SARAFun project"	"https://github.com/diogoalmeida/sarafun_bt"	"master"	"3"	"0"
"AcutronicRobotics/MARA_ROS1"	"ROS 1.0 integration for MARA research edition"	"https://github.com/AcutronicRobotics/MARA_ROS1"	"master"	"26"	"0"
"tork-a/rtmros_nextage"	"ROS-OpenRTM-based opensource robot controller software for dual-armed robot Nextage from Kawada Industries"	"https://github.com/tork-a/rtmros_nextage"	"indigo-devel"	"42"	"0"
"autowarefoundation/autoware"	"Open-source software for self-driving vehicles"	"https://github.com/autowarefoundation/autoware"	"master"	"249"	"0"
"yijiangh/choreo"	"Choreo: robotic motion planning platform for discrete architectural assembly"	"https://github.com/yijiangh/choreo"	"kinetic-devel"	"147"	"0"
"jsk-ros-pkg/jsk_planning"	"JSK planning packages"	"https://github.com/jsk-ros-pkg/jsk_planning"	"master"	"27"	"0"
"resibots/dynamixel_control_hw"	"Hardware interface for ros_control and the Dynamixels actuators"	"https://github.com/resibots/dynamixel_control_hw"	"master"	"2"	"0"
"tork-a/jog_control"	""	"https://github.com/tork-a/jog_control"	"master"	"20"	"0"
"knorth55/ros_chainercv"	"ROS wrapper for chainercv with catkin_virtualenv"	"https://github.com/knorth55/ros_chainercv"	"master"	"50"	"0"
"AUV-IITK/Anahita"	"Repository for software behind the 2nd Vehicle of team AUV-IITK"	"https://github.com/AUV-IITK/Anahita"	"master"	"20"	"0"
"iscumd/Yeti2018"	"Make Yeti Great Again"	"https://github.com/iscumd/Yeti2018"	"master"	"7"	"0"
"jsk-ros-pkg/jsk_visualization"	"jsk visualization ros packages"	"https://github.com/jsk-ros-pkg/jsk_visualization"	"master"	"50"	"0"
"ros-visualization/rx"	""	"https://github.com/ros-visualization/rx"	"groovy-devel"	"1"	"0"
"pantor/ros-control-center"	"A web-based control center for ROS robots."	"https://github.com/pantor/ros-control-center"	"master"	"1"	"0"
"srv/avt_vimba_camera"	"ROS Driver for AVT cameras using VIMBA SDK"	"https://github.com/srv/avt_vimba_camera"	"kinetic"	"7"	"0"
"enesdemirag/point-cloud-filters"	"3D Point Cloud Filtering and Mapping using Stereo Camera"	"https://github.com/enesdemirag/point-cloud-filters"	"simpcl"	"9"	"0"
"tu-darmstadt-ros-pkg/hector_vision"	"Vision related packages developed within Team Hector/TU Darmstadt"	"https://github.com/tu-darmstadt-ros-pkg/hector_vision"	"kinetic-devel"	"43"	"0"
"photoneo/phoxi_camera"	"ROS Package for PhoXi Scanner/Camera. If you like us, STAR US! :P"	"https://github.com/photoneo/phoxi_camera"	"master"	"7"	"0"
"googlecartographer/cartographer_ros"	"Provides ROS integration for Cartographer."	"https://github.com/googlecartographer/cartographer_ros"	"master"	"19"	"0"
"ros-industrial/industrial_core"	"ROS-Industrial core meta-package (http://wiki.ros.org/industrial_core)"	"https://github.com/ros-industrial/industrial_core"	"kinetic-devel"	"6"	"0"
"rt-net/crane_x7_ros"	"CRANE-X7 ROS„Éë„ÉÉ„Ç±„Éº„Ç∏"	"https://github.com/rt-net/crane_x7_ros"	"master"	"34"	"0"
"olin-robotic-sailing/oars-roboboat"	"OARS 2016-2017 - AUVSI Roboboat (inactive)"	"https://github.com/olin-robotic-sailing/oars-roboboat"	"master"	"21"	"0"
"WalkingMachine/sara_description"	"This repo contains the URDF model of sara"	"https://github.com/WalkingMachine/sara_description"	"master"	"3"	"0"
"lagadic/vision_visp"	"ViSP stack for ROS"	"https://github.com/lagadic/vision_visp"	"master"	"16"	"0"
"clubcapra/Takin"	" :goat: Capra-Takin is a ROS-based solution for managing and operating Club Capra's rescue robot. :sheep:"	"https://github.com/clubcapra/Takin"	"master"	"4"	"0"
"tue-robotics/ed"	"Environment Descriptor"	"https://github.com/tue-robotics/ed"	"master"	"1"	"0"
"laas/robot-viewer"	""	"https://github.com/laas/robot-viewer"	"master"	"3"	"0"
"xuefengchang/micros_swarm_framework"	""	"https://github.com/xuefengchang/micros_swarm_framework"	"master"	"43"	"0"
"uwreact/uwreact_robot"	"Software behind our fully autonomous FIRST robots"	"https://github.com/uwreact/uwreact_robot"	"master"	"2"	"0"
"turtlebot/turtlebot_interactions"	"User side interactions for working with a turtlebot."	"https://github.com/turtlebot/turtlebot_interactions"	"indigo"	"14"	"0"
"simlabrobotics/allegro_hand_ros"	"ROS stack for SimLab's Allegro Hand"	"https://github.com/simlabrobotics/allegro_hand_ros"	"master"	"4"	"0"
"ros-industrial/fanuc_experimental"	"Experimental packages for Fanuc manipulators within ROS-Industrial (http://wiki.ros.org/fanuc_experimental)"	"https://github.com/ros-industrial/fanuc_experimental"	"indigo-devel"	"40"	"0"
"doosan-robotics/doosan-robot"	"ROS for Doosan Robot"	"https://github.com/doosan-robotics/doosan-robot"	"master"	"136"	"0"
"KumarRobotics/imu_vn_100"	"ROS driver for VN-100 of VectorNav Technologies"	"https://github.com/KumarRobotics/imu_vn_100"	"master"	"1"	"0"
"jnez71/lqRRT"	"Kinodynamic RRT Implementation"	"https://github.com/jnez71/lqRRT"	"master"	"2"	"0"
"ros-industrial/kuka_experimental"	"Experimental packages for KUKA manipulators within ROS-Industrial (http://wiki.ros.org/kuka_experimental)"	"https://github.com/ros-industrial/kuka_experimental"	"indigo-devel"	"45"	"0"
"yujinrobot/kobuki"	"Software for iClebo Kobuki"	"https://github.com/yujinrobot/kobuki"	"devel"	"26"	"0"
"KevinOchs/hexapod_ros"	"ROS Hexapod stack with functioning 2D and 3D mapping. "	"https://github.com/KevinOchs/hexapod_ros"	"master"	"17"	"0"
"OctoMap/octomap_mapping"	"ROS stack for mapping with OctoMap, contains octomap_server package"	"https://github.com/OctoMap/octomap_mapping"	"kinetic-devel"	"4"	"0"
"locusrobotics/catkin_virtualenv"	"Bundle python requirements in a catkin package via virtualenv"	"https://github.com/locusrobotics/catkin_virtualenv"	"devel"	"4"	"0"
"OpenAgInitiative/openag_brain"	"ROS package for controlling an OpenAg food computer"	"https://github.com/OpenAgInitiative/openag_brain"	"develop"	"8"	"0"
"uf-mil/NaviGator"	"NaviGator ASV on-board software"	"https://github.com/uf-mil/NaviGator"	"master"	"48"	"0"
"tuw-robotics/tuw_multi_robot"	""	"https://github.com/tuw-robotics/tuw_multi_robot"	"master"	"22"	"0"
"tork-a/hakuto"	"ROS package suite for robots at Hakuto, a Google XPRIZE contender"	"https://github.com/tork-a/hakuto"	"master"	"7"	"0"
"Hacks4ROS/h4r_ev3_ctrl"	"ROS Node for managing EV3 with ROS Control"	"https://github.com/Hacks4ROS/h4r_ev3_ctrl"	"develop"	"7"	"0"
"ElCarl/pegasus2"	""	"https://github.com/ElCarl/pegasus2"	"master"	"25"	"0"
"ethz-asl/ethzasl_xsens_driver"	"Driver for xsens IMUs"	"https://github.com/ethz-asl/ethzasl_xsens_driver"	"master"	"1"	"0"
"PR2/pr2_self_test"	""	"https://github.com/PR2/pr2_self_test"	"hydro-devel"	"11"	"0"
"utexas-bwi/bwi"	"ROS packages for building wide intelligence project, University of Texas at Austin"	"https://github.com/utexas-bwi/bwi"	"master"	"18"	"0"
"crigroup/ensenso"	"Code for using Ensenso camera"	"https://github.com/crigroup/ensenso"	"kinetic-devel"	"2"	"0"
"turtlebot/turtlebot"	"The turtlebot stack provides all the basic drivers for running and using a TurtleBot."	"https://github.com/turtlebot/turtlebot"	"kinetic"	"49"	"0"
"RoverRobotics/rr_openrover_basic"	"If you have purchased the basic version of the OpenRover this code will allow you to communicate with your OpenRover using ROS"	"https://github.com/RoverRobotics/rr_openrover_basic"	"master"	"3"	"0"
"code-iai/rosjava_jni"	"TBD"	"https://github.com/code-iai/rosjava_jni"	"master"	"1"	"0"
"UbiquityRobotics/fiducials"	"Simultaneous localization and mapping using fiducial markers."	"https://github.com/UbiquityRobotics/fiducials"	"kinetic-devel"	"9"	"0"
"jsk-ros-pkg/jsk_pr2eus"	"PR2 euslisp packages"	"https://github.com/jsk-ros-pkg/jsk_pr2eus"	"master"	"43"	"0"
"PR2/pr2_plugs"	""	"https://github.com/PR2/pr2_plugs"	"hydro-devel"	"13"	"0"
"informatik-mannheim/akrobat"	"Control and visualization of a six-legged walking robot based on ROS."	"https://github.com/informatik-mannheim/akrobat"	"indigo-stable"	"28"	"0"
"ipa320/airbus_coop"	""	"https://github.com/ipa320/airbus_coop"	"indigo-devel"	"8"	"0"
"mrsp/serow"	"SEROW Framework for Humanoid Robot Walking Estimation"	"https://github.com/mrsp/serow"	"master"	"5"	"0"
"ros-drivers/joystick_drivers"	"ROS drivers for joysticks"	"https://github.com/ros-drivers/joystick_drivers"	"master"	"9"	"0"
"ros-drivers/novatel_span_driver"	"Work in progress driver for NovAtel SPAN devices. See: http://wiki.ros.org/novatel_span_driver"	"https://github.com/ros-drivers/novatel_span_driver"	"master"	"3"	"0"
"fkie/multimaster_fkie"	"ROS stack with FKIE packages for multi-robot (discovering, synchronizing and management GUI)"	"https://github.com/fkie/multimaster_fkie"	"master"	"19"	"0"
"ridgeback/ridgeback_robot"	"Robot packages for Ridgeback."	"https://github.com/ridgeback/ridgeback_robot"	"kinetic-devel"	"2"	"0"
"uf-mil/mil_common"	"Common software packages for MIL repositories"	"https://github.com/uf-mil/mil_common"	"master"	"14"	"0"
"leggedrobotics/darknet_ros"	"YOLO ROS: Real-Time Object Detection for ROS"	"https://github.com/leggedrobotics/darknet_ros"	"master"	"4"	"0"
"RobustFieldAutonomyLab/spin_hokuyo"	"spinning Hokuyo form 3D point cloud"	"https://github.com/RobustFieldAutonomyLab/spin_hokuyo"	"master"	"3"	"0"
"ros-visualization/rviz"	"ROS 3D Robot Visualizer"	"https://github.com/ros-visualization/rviz"	"melodic-devel"	"1"	"0"
"PINTO0309/zumo32u4"	"Zumo32u4(ATmega32u4) + RaspberryPi3(RaspberryPi) + SLAM(CartoGrapher/Gmapping) + RPLiDAR A1M8"	"https://github.com/PINTO0309/zumo32u4"	"master"	"2"	"0"
"KumarRobotics/ublox"	"A driver for ublox gps"	"https://github.com/KumarRobotics/ublox"	"master"	"1"	"0"
"uos/uos_tools"	""	"https://github.com/uos/uos_tools"	"kinetic"	"9"	"0"
"shadow-robot/sr-ros-interface-ethercat"	"ROS driver for the Shadow Robot EtherCAT Hand."	"https://github.com/shadow-robot/sr-ros-interface-ethercat"	"kinetic-devel"	"18"	"0"
"SOSVR/base_code-v2"	"Team SOSvr base code, version 2. July 2017"	"https://github.com/SOSVR/base_code-v2"	"master"	"48"	"0"
"uchile-robotics/uchile_system"	"Manages maqui/bender installation and env configurations"	"https://github.com/uchile-robotics/uchile_system"	"develop"	"3"	"0"
"UbiquityRobotics/raspicam_node"	"ROS node for camera module of Raspberry Pi"	"https://github.com/UbiquityRobotics/raspicam_node"	"kinetic"	"5"	"0"
"PR2/pr2_mechanism"	"Infrastructure to control the PR2 robot in a hard realtime control loop."	"https://github.com/PR2/pr2_mechanism"	"melodic-devel"	"7"	"0"
"whoenig/crazyflie_ros"	"ROS Driver for Bitcraze Crazyflie"	"https://github.com/whoenig/crazyflie_ros"	"master"	"24"	"0"
"ros-perception/image_pipeline"	"An image processing pipeline for ROS."	"https://github.com/ros-perception/image_pipeline"	"melodic"	"6"	"0"
"ct2034/dockeROS"	"Simply running ros nodes in docker containers on remote robots."	"https://github.com/ct2034/dockeROS"	"master"	"1"	"0"
"Kinovarobotics/kinova-ros"	"Official ROS packages for Kinova robotic arms"	"https://github.com/Kinovarobotics/kinova-ros"	"master"	"129"	"0"
"clearpathrobotics/applanix_driver"	"ROS driver for Applanix hardware"	"https://github.com/clearpathrobotics/applanix_driver"	"hydro-devel"	"3"	"0"
"ipa320/cob_android"	""	"https://github.com/ipa320/cob_android"	"indigo_dev"	"3"	"0"
"ros-drivers/velodyne"	" ROS support for Velodyne 3D LIDARs"	"https://github.com/ros-drivers/velodyne"	"master"	"30"	"0"
"mrpt-ros-pkg/mrpt_navigation"	"ROS nodes wrapping core MRPT functionality: localization, autonomous navigation, rawlogs, etc."	"https://github.com/mrpt-ros-pkg/mrpt_navigation"	"master"	"19"	"0"
"shadow-robot/sr-ronex"	"Contains ROS packages for RoNeX (Robot Nervous System) "	"https://github.com/shadow-robot/sr-ronex"	"kinetic-devel"	"16"	"0"
"chicagoedt/revo_robot"	"Code for EDT's IGVC entry, Revo."	"https://github.com/chicagoedt/revo_robot"	"development"	"67"	"0"
"uwreact/frc_control"	"ROS metapackage enabling FRC teams to use ROS on their robots"	"https://github.com/uwreact/frc_control"	"melodic-devel"	"1"	"0"
"ericlavigne/CarND-Capstone-Wolf-Pack"	"ROS-based code to control a real self-driving car. Final project for ""Wolf Pack"" team in Udacity's Self-Driving Car Engineer Nanodegree."	"https://github.com/ericlavigne/CarND-Capstone-Wolf-Pack"	"master"	"22"	"0"
"robotics-in-concert/rocon_devices"	"A collection of device drivers involved in rocon"	"https://github.com/robotics-in-concert/rocon_devices"	"develop"	"7"	"0"
"ros2/demos"	""	"https://github.com/ros2/demos"	"master"	"0"	"6"
"ahornung/humanoid_navigation"	"ROS stack with footstep planning and localization for humanoid robots: http://wiki.ros.org/humanoid_navigation"	"https://github.com/ahornung/humanoid_navigation"	"indigo-devel"	"14"	"0"
"sourishg/jackal-navigation"	"ROS package for local obstacle avoidance using stereo RGB cameras on the Jackal"	"https://github.com/sourishg/jackal-navigation"	"master"	"3"	"0"
"jsk-ros-pkg/geneus"	""	"https://github.com/jsk-ros-pkg/geneus"	"master"	"1"	"0"
"hb0702/Didi_challenge_2017_Python"	"Goal of project was to detect vehicles and pedestrians using Lidar points in real time."	"https://github.com/hb0702/Didi_challenge_2017_Python"	"master"	"3"	"0"
"tork-a/minas"	""	"https://github.com/tork-a/minas"	"master"	"31"	"0"
"PX4/Firmware"	"PX4 Autopilot Software"	"https://github.com/PX4/Firmware"	"master"	"12"	"0"
"mdalal2020/sawyer_control"	"Python3 ROS Interface to Rethink Sawyer Robots with OpenAI Gym Compatibility "	"https://github.com/mdalal2020/sawyer_control"	"master"	"1"	"0"
"Mayankm96/airsim_img_publisher"	"ROS Wrapper in C++ for Microsoft AirSim "	"https://github.com/Mayankm96/airsim_img_publisher"	"master"	"10"	"0"
"OUXT-Polaris/robotx_core"	"core packages in robotx_packages"	"https://github.com/OUXT-Polaris/robotx_core"	"master"	"58"	"0"
"PR2/pr2_simulator"	""	"https://github.com/PR2/pr2_simulator"	"kinetic-devel"	"34"	"0"
"ipa320/cob_control"	"The cob_control stack includes packages that are used to do low level control tasks with Care-O-bot hardware over ROS."	"https://github.com/ipa320/cob_control"	"kinetic_dev"	"5"	"0"
"Soy-Robotics/roch"	"ros project of Roch from roch_project"	"https://github.com/Soy-Robotics/roch"	"indigo"	"71"	"0"
"FlexBE/flexbe_app"	"User interface (editor + runtime control) for the FlexBE behavior engine."	"https://github.com/FlexBE/flexbe_app"	"master"	"3"	"0"
"robomasterhkust/ros_environment"	"ROS packages -- Maintained by Pang Sui, Alex Au, Yang Shaohui. "	"https://github.com/robomasterhkust/ros_environment"	"master"	"72"	"0"
"ros-drivers/audio_common"	"Common code for working with audio in ROS"	"https://github.com/ros-drivers/audio_common"	"master"	"6"	"0"
"fzi-forschungszentrum-informatik/schunk_svh_driver"	"Driver package for the SCHUNK SVH Five-Finger-Hand."	"https://github.com/fzi-forschungszentrum-informatik/schunk_svh_driver"	"master"	"3"	"0"
"ros-geographic-info/open_street_map"	"Experimental packages for ROS access to Open Street Map information"	"https://github.com/ros-geographic-info/open_street_map"	"master"	"7"	"0"
"mrpt-ros-pkg/mrpt_slam"	"ROS wrappers for SLAM algorithms in MRPT"	"https://github.com/mrpt-ros-pkg/mrpt_slam"	"master"	"19"	"0"
"roadnarrows-robotics/hekateros"	"RoadNarrows Hekateros Robotic Manipulator ROS Package"	"https://github.com/roadnarrows-robotics/hekateros"	"master"	"20"	"0"
"husky/husky_robot"	"Robot (Hardware) packages for the Clearpath Husky"	"https://github.com/husky/husky_robot"	"indigo-devel"	"7"	"0"
"ros/nodelet_core"	"Allows one to create ""nodelets"" -- ROS node-like entities that run within the same process so as to avoid IPC and serialization overhead"	"https://github.com/ros/nodelet_core"	"indigo-devel"	"10"	"0"
"diogoalmeida/sarafun_folding_assembly"	"ROS package implementing folding assembly functionality for the SARAFun project."	"https://github.com/diogoalmeida/sarafun_folding_assembly"	"master"	"1"	"0"
"PR2/pr2_common"	""	"https://github.com/PR2/pr2_common"	"melodic-devel"	"3"	"0"
"mcgill-robotics/ros-interop"	"üì∂ AUVSI SUAS interoperability ROS client"	"https://github.com/mcgill-robotics/ros-interop"	"master"	"4"	"0"
"dfki-ric/mir_robot"	"ROS support for the MiR100 Robot"	"https://github.com/dfki-ric/mir_robot"	"melodic"	"18"	"0"
"AutonomyLab/create_autonomy"	"ROS driver for iRobot Create 1 and 2."	"https://github.com/AutonomyLab/create_autonomy"	"indigo-devel"	"7"	"0"
"ethz-asl/ethzasl_ptam"	"Modified version of Parallel Tracking and Mapping (PTAM)"	"https://github.com/ethz-asl/ethzasl_ptam"	"master"	"2"	"0"
"ildoonet/tf-pose-estimation"	"Deep Pose Estimation implemented using Tensorflow with Custom Architectures for fast inference."	"https://github.com/ildoonet/tf-pose-estimation"	"master"	"1"	"0"
"GigaFlopsis/rc_car_ros"	"ROS package to control an autonomous RC vehicle based on Raspberry Pi3"	"https://github.com/GigaFlopsis/rc_car_ros"	"swarm-control"	"20"	"0"
"OSLL/slam-constructor"	"SLAM Constructor Framework"	"https://github.com/OSLL/slam-constructor"	"master"	"6"	"0"
"mavlink/mavros"	"MAVLink to ROS gateway with proxy for Ground Control Station"	"https://github.com/mavlink/mavros"	"master"	"13"	"0"
"epfl-lasa/ridgeback_ur5_controller"	"Several controllers to move Ridgeback mobile-robot and UR5 robotic-arm."	"https://github.com/epfl-lasa/ridgeback_ur5_controller"	"devel"	"8"	"0"
"linorobot/linorobot"	"ROS Compatible ground robots (2WD, 4WD, Ackermann Steering, Mecanum Drive)"	"https://github.com/linorobot/linorobot"	"master"	"18"	"0"
"ros-industrial-consortium/descartes"	"ROS-Industrial Special Project: Cartesian Path Planner"	"https://github.com/ros-industrial-consortium/descartes"	"melodic-devel"	"2"	"0"
"csvance/jetson_tensorrt"	"ROS TensorRT Inference Nodes for DIGITS on the Jetson"	"https://github.com/csvance/jetson_tensorrt"	"master"	"4"	"0"
"RoboSherlock/robosherlock"	""	"https://github.com/RoboSherlock/robosherlock"	"master"	"1"	"0"
"ros-drivers/flir_ptu"	"ROS driver for FLIR pan-tilt units"	"https://github.com/ros-drivers/flir_ptu"	"master"	"3"	"0"
"lmiguelvargasf/trajectory_tracking"	"An application to test controllers on mobile robots."	"https://github.com/lmiguelvargasf/trajectory_tracking"	"master"	"1"	"0"
"tu-darmstadt-ros-pkg/hector_navigation"	"hector_navigation provides packages related to navigation of unmanned vehicles in USAR environments."	"https://github.com/tu-darmstadt-ros-pkg/hector_navigation"	"catkin"	"10"	"0"
"muralivnv/asl_gremlin_pkg"	"ROS package for online trajectory generation and tracking using nonlinear control law for ground vehicle"	"https://github.com/muralivnv/asl_gremlin_pkg"	"master"	"10"	"0"
"ipa320/schunk_robots"	""	"https://github.com/ipa320/schunk_robots"	"indigo_dev"	"52"	"0"
"ipa320/softkinetic"	"This repository holds a ROS driver package for an interactive gesture camera (softkinetic)."	"https://github.com/ipa320/softkinetic"	"indigo_dev"	"5"	"0"
"robotics-in-concert/rocon_multimaster"	"Key components for ros multimaster systems"	"https://github.com/robotics-in-concert/rocon_multimaster"	"devel"	"75"	"0"
"inomuh/evapi_ros"	"ros libraries for electronic control unit of evarobot"	"https://github.com/inomuh/evapi_ros"	"85rpm"	"19"	"0"
"hrnr/m-explore"	"ROS packages for multi robot exploration"	"https://github.com/hrnr/m-explore"	"master"	"7"	"0"
"iirob/ati_force_torque"	"Repositry is not used and it is moved to: KITrobotics/ati_force_torque"	"https://github.com/iirob/ati_force_torque"	"kinetic-devel"	"8"	"0"
"marooncn/plantbot"	"A New ROS-based Robot Platform for Fast Building and Developing"	"https://github.com/marooncn/plantbot"	"master"	"7"	"0"
"corot/world_canvas"	"ROS framework for storing and accessing semantic information about the world, with an initial emphasis on needs and use cases for mobile robots."	"https://github.com/corot/world_canvas"	"master"	"4"	"0"
"JdeRobot/RoboticsAcademy"	"Learn Robotics with JdeRobot"	"https://github.com/JdeRobot/RoboticsAcademy"	"master"	"9"	"0"
"Plymouth-Sailboat/SailBoatROS"	"ROS Nodes for Plymouth Sailboat Project"	"https://github.com/Plymouth-Sailboat/SailBoatROS"	"master"	"2"	"0"
"vortexntnu/rov-control"	"Complete control system for Vortex' ROV"	"https://github.com/vortexntnu/rov-control"	"master"	"15"	"0"
"jsk-ros-pkg/jsk_3rdparty"	""	"https://github.com/jsk-ros-pkg/jsk_3rdparty"	"master"	"20"	"0"
"CopterExpress/clever_bundle"	"–†–µ–ø–æ–∑–∏—Ç–æ—Ä–∏–π –≤–ª–∏—Ç –≤ https://github.com/CopterExpress/clever"	"https://github.com/CopterExpress/clever_bundle"	"master"	"9"	"0"
"allenh1/p2os"	"P2OS ROS driver for Groovy and later."	"https://github.com/allenh1/p2os"	"master"	"33"	"0"
"GT-RAIL/rail_object_detection"	"Deep Nets for object detection wrapped in ROS"	"https://github.com/GT-RAIL/rail_object_detection"	"indigo-devel"	"3"	"0"
"ros-visualization/interactive_marker_twist_server"	"Generic interactive marker server for Twist robots."	"https://github.com/ros-visualization/interactive_marker_twist_server"	"kinetic-devel"	"1"	"0"
"stereolabs/zed-ros-wrapper"	"ROS wrapper for the ZED SDK"	"https://github.com/stereolabs/zed-ros-wrapper"	"master"	"12"	"0"
"paulyang1990/toy_code"	""	"https://github.com/paulyang1990/toy_code"	"master"	"4"	"0"
"frankaemika/franka_ros"	"ROS integration for Franka Emika research robots"	"https://github.com/frankaemika/franka_ros"	"kinetic-devel"	"14"	"0"
"mikeferguson/robot_calibration"	"Generic calibration for robots"	"https://github.com/mikeferguson/robot_calibration"	"master"	"6"	"0"
"uos/calvin_robot"	""	"https://github.com/uos/calvin_robot"	"indigo_catkin"	"38"	"0"
"ROBOTIS-GIT/ROBOTIS-OP3"	"ROS packages for the ROBOTIS OP3"	"https://github.com/ROBOTIS-GIT/ROBOTIS-OP3"	"master"	"2"	"0"
"hansonrobotics/blender_api_msgs"	"ROS messages for the Humanoid Robot blender animation controller"	"https://github.com/hansonrobotics/blender_api_msgs"	"master"	"1"	"0"
"ros-industrial/abb_experimental"	"ROS-Industrial ABB experimental meta-package (http://wiki.ros.org/abb_experimental)"	"https://github.com/ros-industrial/abb_experimental"	"kinetic-devel"	"216"	"0"
"ethz-asl/cuckoo_time_translator"	"algorithms for synchronizing clocks "	"https://github.com/ethz-asl/cuckoo_time_translator"	"master"	"2"	"0"
"ros-drivers/gscam"	"ROS Camera driver for GStreamer-based video streams."	"https://github.com/ros-drivers/gscam"	"master"	"8"	"0"
"markusk/minibot"	"My little Raspberry Pi and ROS robot - with python."	"https://github.com/markusk/minibot"	"master"	"15"	"0"
"ros-interactive-manipulation/pr2_object_manipulation"	"PR2-specific functionality related to pickup and place tasks."	"https://github.com/ros-interactive-manipulation/pr2_object_manipulation"	"groovy-devel"	"52"	"0"
"ros-perception/laser_filters"	"Assorted filters designed to operate on 2D planar laser scanners, which use the sensor_msgs/LaserScan type."	"https://github.com/ros-perception/laser_filters"	"indigo-devel"	"10"	"0"
"ros/joint_state_publisher"	"http://wiki.ros.org/joint_state_publisher"	"https://github.com/ros/joint_state_publisher"	"kinetic-devel"	"6"	"0"
"rosjava/android_core"	"Android libraries for rosjava"	"https://github.com/rosjava/android_core"	"kinetic"	"1"	"0"
"introlab/find-object"	"Find-Object project"	"https://github.com/introlab/find-object"	"master"	"5"	"0"
"erlerobot/robot_blockly"	" A simple way to program ROS robots  using blockly."	"https://github.com/erlerobot/robot_blockly"	"master"	"1"	"0"
"cram-code/cram_physics"	"DEPRECATED. All the commits from here are in the corresponding cram2 repo: https://github.com/cram2/cram_3d_world"	"https://github.com/cram-code/cram_physics"	"master"	"1"	"0"
"Texas-Aerial-Robotics/Controls-ROS"	""	"https://github.com/Texas-Aerial-Robotics/Controls-ROS"	"master"	"6"	"0"
"rosjava/rosjava_core"	"An implementation of ROS in pure Java with Android support."	"https://github.com/rosjava/rosjava_core"	"kinetic"	"7"	"0"
"AutonomyLab/ardrone_autonomy"	"ROS driver for Parrot AR-Drone 1.0 and 2.0 quadrocopters"	"https://github.com/AutonomyLab/ardrone_autonomy"	"indigo-devel"	"3"	"0"
"ros-industrial/industrial_calibration"	"Contains libraries/algorithms for calibration industrial systems"	"https://github.com/ros-industrial/industrial_calibration"	"kinetic-devel"	"42"	"0"
"ros-planning/moveit_robots"	"MoveIt! configurations for different robots"	"https://github.com/ros-planning/moveit_robots"	"kinetic-devel"	"84"	"0"
"ros-planning/moveit_tutorials"	"A sphinx-based centralized documentation repo for MoveIt!"	"https://github.com/ros-planning/moveit_tutorials"	"master"	"14"	"0"
"ros-drivers/camera1394"	"ROS driver for devices supporting the IEEE 1394 Digital Camera (IIDC) protocol. "	"https://github.com/ros-drivers/camera1394"	"master"	"19"	"0"
"bluesat/owr_software"	"BLUEsat Off World Robotics Rover Backend"	"https://github.com/bluesat/owr_software"	"master"	"56"	"0"
"RCPRG-ros-pkg/elektron_robot"	"Stack for controling elektron mobile robot"	"https://github.com/RCPRG-ros-pkg/elektron_robot"	"master"	"11"	"0"
"olin-robotic-sailing/trans-atlantic-sailboat"	"The home of Olin's multi-year trans-Atlantic sailboat endeavor. (active)"	"https://github.com/olin-robotic-sailing/trans-atlantic-sailboat"	"master"	"5"	"0"
"DLu/rwi_ros"	"ROS Nodes for running RWI's B21r Robot"	"https://github.com/DLu/rwi_ros"	"master"	"4"	"0"
"ipa320/cob_navigation"	"Care-O-bot navigation packages"	"https://github.com/ipa320/cob_navigation"	"indigo_dev"	"27"	"0"
"utexas-bwi/segbot"	"ROS drivers for controlling Segway-based robots at the University of Texas at Austin"	"https://github.com/utexas-bwi/segbot"	"master"	"91"	"0"
"dji-sdk/Onboard-SDK-ROS"	"Official ROS packages for DJI onboard SDK. "	"https://github.com/dji-sdk/Onboard-SDK-ROS"	"3.8"	"1"	"0"
"RCPRG-ros-pkg/elektron_kinectbot"	""	"https://github.com/RCPRG-ros-pkg/elektron_kinectbot"	"master"	"13"	"0"
"rosflight/rosflight"	"ROS stack for the ROSflight autopilot"	"https://github.com/rosflight/rosflight"	"master"	"9"	"0"
"wg-perception/people"	""	"https://github.com/wg-perception/people"	"kinetic"	"34"	"0"
"cbandera/rosparam_handler"	"An easy wrapper for using parameters in ROS"	"https://github.com/cbandera/rosparam_handler"	"develop"	"2"	"0"
"prajankya/AgriMapper"	"A Precision Horticulture 2D Vegetation Mapping Robot"	"https://github.com/prajankya/AgriMapper"	"master"	"20"	"0"
"ros-perception/image_common"	"The image_common of http://www.ros.org/wiki/image_common has moved to github"	"https://github.com/ros-perception/image_common"	"hydro-devel"	"1"	"0"
"UbiquityRobotics/magni_robot"	"Starting point for Magni Robots. Includes launch files and configuration."	"https://github.com/UbiquityRobotics/magni_robot"	"indigo-devel"	"20"	"0"
"intel/ros2_object_analytics"	""	"https://github.com/intel/ros2_object_analytics"	"master"	"0"	"1"
"berkeleyopenarms/blue_core"	"The Blue stack provides all the basic software for running and using a Blue robot arm"	"https://github.com/berkeleyopenarms/blue_core"	"master"	"13"	"0"
"ros/ros"	"Core ROS packages"	"https://github.com/ros/ros"	"kinetic-devel"	"1"	"0"
"fkanehiro/openhrp3"	"Open Architecture Human-centered Robotics Platform"	"https://github.com/fkanehiro/openhrp3"	"master"	"2"	"0"
"dmweis/Hopper_ROS"	"ROS stack for a Hexapod robot"	"https://github.com/dmweis/Hopper_ROS"	"master"	"27"	"0"
"PilzDE/pilz_robots"	"PILZ robot manipulator module PRBT 6 in ROS"	"https://github.com/PilzDE/pilz_robots"	"melodic-devel"	"54"	"0"
"ros-drivers/usb_cam"	"A ROS Driver for V4L USB Cameras"	"https://github.com/ros-drivers/usb_cam"	"develop"	"1"	"0"
"cvra/goldorak"	"Project Goldorak, CVRA's small robot for Eurobot 2016, running ROS"	"https://github.com/cvra/goldorak"	"master"	"15"	"0"
"OrebroUniversity/yumi"	"ROS packages pertaining to the ABB YuMi (IRB 14000) robot"	"https://github.com/OrebroUniversity/yumi"	"master"	"37"	"0"
"PR2/pr2_ethercat_drivers"	"Drivers for the ethercat system and the peripherals on the PR2."	"https://github.com/PR2/pr2_ethercat_drivers"	"kinetic-devel"	"9"	"0"
"AutonomyLab/bebop_autonomy"	"ROS driver for Parrot Bebop Drones 1.0 & 2.0"	"https://github.com/AutonomyLab/bebop_autonomy"	"indigo-devel"	"6"	"0"
"RoboJackets/igvc-software"	"The code base for our Intelligent Ground Vehicle Competition team."	"https://github.com/RoboJackets/igvc-software"	"master"	"37"	"0"
"ZachR0/Security-For-Robotics"	"Security for Robotics - OSU Computer Science Capstone Project üî•"	"https://github.com/ZachR0/Security-For-Robotics"	"master"	"11"	"0"
"rst-tu-dortmund/teb_local_planner"	"An optimal trajectory planner considering distinctive topologies for mobile robots based on Timed-Elastic-Bands (ROS Package)"	"https://github.com/rst-tu-dortmund/teb_local_planner"	"kinetic-devel"	"1"	"0"
"ros/actionlib"	"Provides a standardized interface for interfacing with preemptable tasks. Examples of this include moving the base to a target location, performing a laser scan and returning the resulting point cloud, detecting the handle of a door, etc."	"https://github.com/ros/actionlib"	"indigo-devel"	"15"	"0"
"ros-drivers/omron"	"ROS driver for OMRON OS32C laser scanner."	"https://github.com/ros-drivers/omron"	"indigo-devel"	"1"	"0"
"ipa320/cob_robots"	""	"https://github.com/ipa320/cob_robots"	"indigo_dev"	"156"	"0"
"SICKAG/sick_ldmrs_laser"	"A ROS driver for the SICK LD-MRS series of laser scanners."	"https://github.com/SICKAG/sick_ldmrs_laser"	"indigo"	"5"	"0"
"ros-industrial/universal_robot"	"ROS-Industrial universal robot meta-package (http://wiki.ros.org/universal_robot)"	"https://github.com/ros-industrial/universal_robot"	"kinetic-devel"	"199"	"0"
"tork-a/spur"	"ROS package suite for SPUR, mobile base robot with extensible arm made at Tamagawa University."	"https://github.com/tork-a/spur"	"master"	"19"	"0"
"AutoRally/autorally"	"Software for the AutoRally platform"	"https://github.com/AutoRally/autorally"	"kinetic-devel"	"41"	"0"
"ipa320/cob_driver"	"The cob_driver stack includes packages that provide access to the Care-O-bot hardware over ROS messages and services. E.g. for mobile base, arm, camera_sensors, scanners, etc..."	"https://github.com/ipa320/cob_driver"	"indigo_dev"	"4"	"0"
"Pankaj-Baranwal/pocketsphinx"	"Updated ROS bindings to pocketsphinx"	"https://github.com/Pankaj-Baranwal/pocketsphinx"	"kinetic-devel"	"9"	"0"
"ros/urdf"	"Repository for URDF parsing code"	"https://github.com/ros/urdf"	"melodic-devel"	"1"	"0"
"hbrobotics/ros_arduino_bridge"	"ROS + Arduino = Robot"	"https://github.com/hbrobotics/ros_arduino_bridge"	"indigo-devel"	"1"	"0"
"fetchrobotics/fetch_ros"	"Open ROS Components for Robots from Fetch Robotics"	"https://github.com/fetchrobotics/fetch_ros"	"melodic-devel"	"40"	"0"
"ipa320/cob_environment_perception"	""	"https://github.com/ipa320/cob_environment_perception"	"indigo_dev"	"58"	"0"
"gribot-robotics/gribot_ros"	"Ros configuration files"	"https://github.com/gribot-robotics/gribot_ros"	"master"	"5"	"0"
"CopterExpress/clever"	"Software, RPi image and docs for CLEVER drone kit"	"https://github.com/CopterExpress/clever"	"master"	"11"	"0"
"grassjelly/onine"	"ROS based service robot"	"https://github.com/grassjelly/onine"	"master"	"32"	"0"
"robotics-in-concert/rocon_app_platform"	"Robotics in concert app framework"	"https://github.com/robotics-in-concert/rocon_app_platform"	"devel"	"40"	"0"
"leggedrobotics/xpp"	" Visualization of Motions for Legged Robots in ros-rviz"	"https://github.com/leggedrobotics/xpp"	"master"	"13"	"0"
"ros/executive_smach"	"A procedural python-based task execution framework with ROS integration."	"https://github.com/ros/executive_smach"	"indigo-devel"	"7"	"0"
"xaxxontech/oculusprime_ros"	"Official ROS packages for Oculus Prime Robot http://wiki.ros.org/oculusprime_ros"	"https://github.com/xaxxontech/oculusprime_ros"	"master"	"14"	"0"
"DavidObando/carnd"	"Contains my assignments and labs for Udacity's Self-Driving Car Engineer nanodegree"	"https://github.com/DavidObando/carnd"	"master"	"14"	"0"
"RIVeR-Lab/wpi_jaco"	"ROS Packages for the JACO Arm Developed at WPI"	"https://github.com/RIVeR-Lab/wpi_jaco"	"develop"	"60"	"0"
"jhu-asco/aerial_autonomy"	"Easily extendable package for interacting with and defining state machines for autonomous aerial systems"	"https://github.com/jhu-asco/aerial_autonomy"	"master"	"38"	"0"
"astuff/kvaser_interface"	"A Kvaser CAN interface ROS abstraction layer."	"https://github.com/astuff/kvaser_interface"	"master"	"3"	"0"
"jsk-ros-pkg/jsk_robot"	"jsk-ros-pkg/jsk_robot"	"https://github.com/jsk-ros-pkg/jsk_robot"	"master"	"164"	"0"
"b-it-bots/mas_domestic_robotics"	"Robot-independent ROS packages for domestic applications"	"https://github.com/b-it-bots/mas_domestic_robotics"	"kinetic"	"58"	"0"
"pal-robotics/reemc_robot"	"Scripts and configuration files to launch when bringing up REEM-C."	"https://github.com/pal-robotics/reemc_robot"	"kinetic-devel"	"26"	"0"
"davetcoleman/moveit_simple_grasps"	"Generate basic grasp poses for simple objects such as blocks or cylinders"	"https://github.com/davetcoleman/moveit_simple_grasps"	"kinetic-devel"	"4"	"0"
"ros-perception/vision_opencv"	""	"https://github.com/ros-perception/vision_opencv"	"kinetic"	"1"	"0"
"osrf/rqt_graphprofiler"	"An experimental visualization system for anonymous publish subscribe architectures."	"https://github.com/osrf/rqt_graphprofiler"	"master"	"3"	"0"
"RethinkRobotics/sawyer_robot"	"Sawyer-specific components for the Sawyer robot for use with the intera_sdk."	"https://github.com/RethinkRobotics/sawyer_robot"	"master"	"1"	"0"
"elggem/tensorflow_node"	"Tensorflow based ROS node for evaluating deep learning algorithms."	"https://github.com/elggem/tensorflow_node"	"master"	"2"	"0"
"SICKAG/sick_safetyscanners"	""	"https://github.com/SICKAG/sick_safetyscanners"	"master"	"1"	"0"
"husky/husky"	"Common packages for the Clearpath Husky"	"https://github.com/husky/husky"	"kinetic-devel"	"24"	"0"
"shadow-robot/ros_ethercat"	"Replace pr2_ethercat main loop with one based on ros_control"	"https://github.com/shadow-robot/ros_ethercat"	"kinetic-devel"	"1"	"0"
"UBC-Snowbots/Snowflake"	"UBC Snowbots Codebase"	"https://github.com/UBC-Snowbots/Snowflake"	"master"	"62"	"0"
"RexxarCHL/UR5_Plays_Jenga"	"ME530.707 Independent Project: where I make the UR5 play Jenga"	"https://github.com/RexxarCHL/UR5_Plays_Jenga"	"master"	"8"	"0"
"CIR-KIT/human_detector"	"Human detector package for Tshukuba Challenge"	"https://github.com/CIR-KIT/human_detector"	"master"	"12"	"0"
"mrsd16teamd/loco_car"	"Software for LOCO, our autonomous drifting RC car. "	"https://github.com/mrsd16teamd/loco_car"	"master"	"161"	"0"
"mcgill-robotics/ros-tritech-micron"	"üîä Tritech Micron SONAR ROS driver"	"https://github.com/mcgill-robotics/ros-tritech-micron"	"master"	"1"	"0"
"jhu-lcsr/sp_segmenter"	"Superpixel-based semantic segmentation, with object pose estimation and tracking. Provided as a ROS package."	"https://github.com/jhu-lcsr/sp_segmenter"	"master"	"6"	"0"
"jackal/jackal"	"Common packages for Jackal, including messages, robot description, and controllers"	"https://github.com/jackal/jackal"	"kinetic-devel"	"9"	"0"
"datlife/jetson-car"	"Autonomous Racing Car using NVIDIA Jetson TX2 using end-to-end driving approach. Paper: https://arxiv.org/abs/1604.07316"	"https://github.com/datlife/jetson-car"	"master"	"65"	"0"
"ros-industrial/staubli_experimental"	"Experimental packages for Staubli manipulators within ROS-Industrial (http://wiki.ros.org/staubli_experimental)"	"https://github.com/ros-industrial/staubli_experimental"	"kinetic-devel"	"45"	"0"
"jsk-ros-pkg/jsk_common"	"common programs for jsk-ros-pkg"	"https://github.com/jsk-ros-pkg/jsk_common"	"master"	"81"	"0"
"chicagoedt/rmc_software_2017"	"Software Development Repository for RMC"	"https://github.com/chicagoedt/rmc_software_2017"	"rmc_2017"	"35"	"0"
"EndPointCorp/lg_ros_nodes"	"A ROS software stack for running Liquid Galaxy applications"	"https://github.com/EndPointCorp/lg_ros_nodes"	"master"	"63"	"0"
"ros-industrial/industrial_moveit"	"ROS-Industrial movit meta-package (http://wiki.ros.org/industrial_moveit)"	"https://github.com/ros-industrial/industrial_moveit"	"melodic-devel"	"50"	"0"
"ScazLab/human_robot_collaboration"	"Yet another repo for the baxter collaboration task."	"https://github.com/ScazLab/human_robot_collaboration"	"master"	"13"	"0"
"ros-drivers/openni2_camera"	"ROS wrapper for openni 2.0"	"https://github.com/ros-drivers/openni2_camera"	"indigo-devel"	"12"	"0"
"UTNuclearRoboticsPublic/jog_arm"	"A real-time robot arm jogger."	"https://github.com/UTNuclearRoboticsPublic/jog_arm"	"kinetic"	"3"	"0"
"devineproject/DEVINE"	"Integration of the VQA game GuessWhat?! on the robot IRL-1 using ROS"	"https://github.com/devineproject/DEVINE"	"master"	"3"	"0"
"start-jsk/rtmros_hironx"	"hironx controller and applications using rtmros packages"	"https://github.com/start-jsk/rtmros_hironx"	"indigo-devel"	"37"	"0"
"PR2/pr2_navigation"	""	"https://github.com/PR2/pr2_navigation"	"kinetic-devel"	"20"	"0"
"ros-visualization/rqt_bag"	""	"https://github.com/ros-visualization/rqt_bag"	"master"	"1"	"0"
"CIR-KIT/steer_drive_ros"	"Steer drive package for ROS"	"https://github.com/CIR-KIT/steer_drive_ros"	"kinetic-devel"	"16"	"0"
"OSUrobotics/ros-3d-interaction"	"Contains packages for projecting interfaces into the world, and interacting with those interfaces"	"https://github.com/OSUrobotics/ros-3d-interaction"	"indigo-devel"	"20"	"0"
"StatueFungus/autonomous_driving"	"Ros package for basic autonomous lane tracking and object detection"	"https://github.com/StatueFungus/autonomous_driving"	"master"	"5"	"0"
"iitbmartian/GUI"	"GUI for controlling various subsystems of the Mars Rover Project, IIT-Bombay."	"https://github.com/iitbmartian/GUI"	"master"	"4"	"0"
"laboshinl/loam_velodyne"	"Laser Odometry and Mapping (Loam) is a realtime method for state estimation and mapping using a 3D lidar."	"https://github.com/laboshinl/loam_velodyne"	"master"	"3"	"0"
"zhenghung/CompactWarehouseRobotNavi"	"Source code for the Compact Warehouse Robot (Navigation)"	"https://github.com/zhenghung/CompactWarehouseRobotNavi"	"master-test"	"20"	"0"
"ros-planning/moveit_setup_assistant"	"THIS REPO HAS MOVED TO https://github.com/ros-planning/moveit"	"https://github.com/ros-planning/moveit_setup_assistant"	"kinetic-devel"	"26"	"0"
"ros-naoqi/naoqi_driver"	"c++ bridge based on libqi"	"https://github.com/ros-naoqi/naoqi_driver"	"master"	"1"	"0"
"evocortex/optris_drivers"	"ROS drivers for Optris thermal imagers"	"https://github.com/evocortex/optris_drivers"	"master"	"1"	"0"
"utexas-bwi/bwi_common"	"Common packages and data for BWI projects"	"https://github.com/utexas-bwi/bwi_common"	"master"	"28"	"0"
"anqixu/ueye_cam"	"A ROS nodelet and node that wraps the driver API for UEye cameras by IDS Imaging Development Systems GMBH."	"https://github.com/anqixu/ueye_cam"	"master"	"5"	"0"
"astuff/ibeo_lux"	"ROS Driver for Ibeo LUX and LUX Fusion Sensors"	"https://github.com/astuff/ibeo_lux"	"master"	"2"	"0"
"intel-ros/realsense"	"Intel(R) RealSense(TM) ROS Wrapper for D400 series and SR300 Camera"	"https://github.com/intel-ros/realsense"	"development"	"17"	"0"
"PR2/pr2_calibration"	""	"https://github.com/PR2/pr2_calibration"	"kinetic-devel"	"41"	"0"
"ros-controls/ros_control"	"Generic and simple controls framework for ROS"	"https://github.com/ros-controls/ros_control"	"melodic-devel"	"7"	"0"
"ros-aldebaran/romeo_robot"	"ROS stack for Aldebaran's Romeo robot"	"https://github.com/ros-aldebaran/romeo_robot"	"master"	"6"	"0"
"fkie/iop_core"	"The packages required by all other IOP ROS packages"	"https://github.com/fkie/iop_core"	"master"	"1"	"0"
"UbiquityRobotics/ubiquity_motor"	"Package that provides a ROS interface for the motors in UbiquityRobotics robots"	"https://github.com/UbiquityRobotics/ubiquity_motor"	"indigo-devel"	"2"	"0"
"ser94mor/self-driving-car-using-ros"	"Project: Programming a Real Self-Driving Car ||  Udacity: Self-Driving Car Engineer Nanodegree"	"https://github.com/ser94mor/self-driving-car-using-ros"	"master"	"14"	"0"
"tokyo-drift/capstone-project"	"Capstone project for Udacity's Self Driving Car Nanodegree"	"https://github.com/tokyo-drift/capstone-project"	"master"	"17"	"0"
"RethinkRobotics/baxter_examples"	"Example programs using the SDK for the Baxter Research Robot"	"https://github.com/RethinkRobotics/baxter_examples"	"master"	"5"	"0"
"tu-darmstadt-ros-pkg/hector_localization"	"The hector_localization stack is a collection of packages, that provide the full 6DOF pose of a robot or platform."	"https://github.com/tu-darmstadt-ros-pkg/hector_localization"	"catkin"	"1"	"0"
"splintered-reality/py_trees_ros"	"ROS extensions and implementations for py_trees"	"https://github.com/splintered-reality/py_trees_ros"	"devel"	"8"	"0"
"Pitt-RAS/iarc7_vision"	"Computer vision code for IARC Mission 7 (see iarc7_common for more information about the team in general)"	"https://github.com/Pitt-RAS/iarc7_vision"	"master"	"6"	"0"
"PR2/pr2_hack_the_future"	""	"https://github.com/PR2/pr2_hack_the_future"	"indigo-devel"	"14"	"0"
"dmicha16/awsp_ros"	"Collection of packages as a ROS workspace for the AAU AWSP 5th and 6th semester project."	"https://github.com/dmicha16/awsp_ros"	"master"	"8"	"0"
"hasauino/rrt_exploration"	"A ROS package that implements a multi-robot RRT-based map exploration algorithm. It also has the image-based frontier detection that uses image processing to extract frontier points."	"https://github.com/hasauino/rrt_exploration"	"master"	"3"	"0"
"ros-drivers/microstrain_mips"	""	"https://github.com/ros-drivers/microstrain_mips"	"master"	"1"	"0"
"astuff/pacmod"	"A ROS driver for the AutonomouStuff PACMod drive-by-wire system."	"https://github.com/astuff/pacmod"	"master"	"1"	"0"
"tu-darmstadt-ros-pkg/hector_slam"	"hector_slam contains ROS packages related to performing SLAM in unstructed environments like those encountered in the Urban Search and Rescue (USAR) scenarios of the RoboCup Rescue competition."	"https://github.com/tu-darmstadt-ros-pkg/hector_slam"	"catkin"	"15"	"0"
"ROBOTIS-GIT/turtlebot3_applications"	"Applications for TurtleBot3"	"https://github.com/ROBOTIS-GIT/turtlebot3_applications"	"master"	"5"	"0"
"aau-ros/aau_multi_robot"	"Multi-robot exploration by Alpen-Adria-Universit√§t Klagenfurt"	"https://github.com/aau-ros/aau_multi_robot"	"master"	"19"	"0"
"KumarRobotics/mrsl_quadrotor"	""	"https://github.com/KumarRobotics/mrsl_quadrotor"	"master"	"5"	"0"
"ros-drivers/openni_camera"	"A ROS driver for OpenNI depth (+ RGB) cameras. "	"https://github.com/ros-drivers/openni_camera"	"indigo-devel"	"14"	"0"
"KumarRobotics/flea3"	"ROS driver for flea3/grasshopper3 camera"	"https://github.com/KumarRobotics/flea3"	"master"	"3"	"0"
"mkhuthir/RoboND-Robot-Localization-Project"	"ROS Robot Localization Using AMCL ROS Package"	"https://github.com/mkhuthir/RoboND-Robot-Localization-Project"	"master"	"8"	"0"
"ScazLab/baxter_tictactoe"	"Playing TicTacToe with the Baxter collaborative robot."	"https://github.com/ScazLab/baxter_tictactoe"	"master"	"5"	"0"
"ros-planning/navigation"	"ROS Navigation stack.  Code for finding where the robot is and how it can get somewhere else."	"https://github.com/ros-planning/navigation"	"melodic-devel"	"38"	"0"
"laas/hueblob"	"Stereo blob tracking for ROS"	"https://github.com/laas/hueblob"	"master"	"2"	"0"
"CIR-KIT/fifth_robot_pkg"	"CIR-KIT5 „ÅÆÈñãÁô∫„É¨„Éù„Ç∏„Éà„É™"	"https://github.com/CIR-KIT/fifth_robot_pkg"	"master"	"32"	"0"
"ros-naoqi/nao_robot"	""	"https://github.com/ros-naoqi/nao_robot"	"master"	"12"	"0"
"UbiquityRobotics/ubiquity_launches"	"Unified ROS launch files for Ubiquity Robotics platforms."	"https://github.com/UbiquityRobotics/ubiquity_launches"	"indigo"	"73"	"0"
"Nishida-Lab/forest_robot_project"	""	"https://github.com/Nishida-Lab/forest_robot_project"	"master"	"24"	"0"
"at-wat/mcl_3dl"	"A ROS node to perform a probabilistic 3-D/6-DOF localization system for mobile robots with 3-D LIDAR(s). It implements pointcloud based Monte Carlo localization that uses a reference pointcloud as a map."	"https://github.com/at-wat/mcl_3dl"	"master"	"7"	"0"
"osrf/capabilities"	"Implements the concept of capabilities as part of the robots-in-concert system."	"https://github.com/osrf/capabilities"	"master"	"23"	"0"
"team-vigir/vigir_footstep_planning_core"	"Provides the generic footstep planner"	"https://github.com/team-vigir/vigir_footstep_planning_core"	"master"	"15"	"0"
"team-vigir/flexbe_behavior_engine"	"Contains the behavior engine FlexBE."	"https://github.com/team-vigir/flexbe_behavior_engine"	"master"	"6"	"0"
"asymingt/deepdive"	"Rigid body tracking with HTC Vive trackers"	"https://github.com/asymingt/deepdive"	"master"	"4"	"0"
"Nishida-Lab/motoman_project"	"MotomanÁî®„ÅÆ„É™„Éù„Ç∏„Éà„É™"	"https://github.com/Nishida-Lab/motoman_project"	"indigo-devel"	"157"	"0"
"roboception/rc_visard_ros"	"ROS interface for the Roboception rc_visard 3D sensor"	"https://github.com/roboception/rc_visard_ros"	"master"	"2"	"0"
"AlexisTM/flyingros"	"Flying Robot Operating System is designed to be the open source implementation example for your DIY drone."	"https://github.com/AlexisTM/flyingros"	"master"	"25"	"0"
"ethz-asl/asctec_mav_framework"	"Framework for data aquisition and position control to be used with the highlevel processor of Ascending Technologies helicopters "	"https://github.com/ethz-asl/asctec_mav_framework"	"master"	"1"	"0"
"ros/diagnostics"	"Packages related to gathering, viewing, and analyzing diagnostics data from robots."	"https://github.com/ros/diagnostics"	"indigo-devel"	"24"	"0"
"iirob/ros_opcua_communication"	""	"https://github.com/iirob/ros_opcua_communication"	"kinetic-devel"	"2"	"0"
"CIR-KIT/fourth_robot_pkg"	"4Âè∑Ê©üÔºàKIT-C4ÔºâÁî®„É™„Éù„Ç∏„Éà„É™"	"https://github.com/CIR-KIT/fourth_robot_pkg"	"indigo-devel"	"26"	"0"
"teamr3/URC-18"	"URC 2018 codebase"	"https://github.com/teamr3/URC-18"	"master"	"25"	"0"
"ethz-asl/ethz_piksi_ros"	"ROS drivers for the Piksi RTK GPS module"	"https://github.com/ethz-asl/ethz_piksi_ros"	"master"	"9"	"0"
"jsk-ros-pkg/openrave_planning"	"openrave ROS packages"	"https://github.com/jsk-ros-pkg/openrave_planning"	"master"	"15"	"0"
"knowrob/knowrob"	"KnowRob core packages and general issue tracker for the KnowRob knowledge base"	"https://github.com/knowrob/knowrob"	"master"	"4"	"0"
"ROBOTIS-GIT/turtlebot3"	"ROS packages for Turtlebot3"	"https://github.com/ROBOTIS-GIT/turtlebot3"	"master"	"27"	"0"
"uos/sick_tim"	"A ROS driver for the SICK TiM series of laser scanners."	"https://github.com/uos/sick_tim"	"melodic"	"6"	"0"
"ros-drivers/pointgrey_camera_driver"	"ROS driver for Pt. Grey cameras, based on the official FlyCapture2 SDK."	"https://github.com/ros-drivers/pointgrey_camera_driver"	"master"	"4"	"0"
"shadow-robot/smart_grasping_sandbox"	"A public sandbox for Shadow's Smart Grasping System"	"https://github.com/shadow-robot/smart_grasping_sandbox"	"master"	"29"	"0"
"MalcolmMielle/Auto-Complete-Graph"	"a method to integrate an emergency map into a robot map, so that the robot can plan its way toward places it has not yet explored."	"https://github.com/MalcolmMielle/Auto-Complete-Graph"	"SSRR2017"	"4"	"0"
"SICKAG/sick_scan"	"sick_scan is an open-source project to support the laser scanner of the company SICK using the ROS-framework   "	"https://github.com/SICKAG/sick_scan"	"master"	"58"	"0"
"astuff/pacmod3"	"PACMod Board Rev 3 Driver"	"https://github.com/astuff/pacmod3"	"master"	"1"	"0"
"ros/geometry2"	"A set of ROS packages for keeping track of coordinate transforms."	"https://github.com/ros/geometry2"	"melodic-devel"	"11"	"0"
"yujinrobot/yujin_ocs"	"Yujin Robot's open-source control libraries"	"https://github.com/yujinrobot/yujin_ocs"	"devel"	"41"	"0"
"tu-darmstadt-ros-pkg/hector_models"	"hector_models contains (urdf) models of sensors and robot components."	"https://github.com/tu-darmstadt-ros-pkg/hector_models"	"kinetic-devel"	"1"	"0"
"ros-drivers/phidgets_drivers"	"ROS drivers for various Phidgets devices"	"https://github.com/ros-drivers/phidgets_drivers"	"melodic"	"3"	"0"
"ipa320/srs_public"	""	"https://github.com/ipa320/srs_public"	"master"	"264"	"0"
"ros/dynamic_reconfigure"	""	"https://github.com/ros/dynamic_reconfigure"	"melodic-devel"	"4"	"0"
"ipa320/cob_perception_common"	""	"https://github.com/ipa320/cob_perception_common"	"indigo_dev"	"5"	"0"
"cra-ros-pkg/robot_localization"	"robot_localization is a package of nonlinear state estimation nodes. The package was developed by Charles River Analytics, Inc. Please ask questions on answers.ros.org."	"https://github.com/cra-ros-pkg/robot_localization"	"melodic-devel"	"20"	"0"
"jsk-ros-pkg/jsk_control"	"jsk control ros packages"	"https://github.com/jsk-ros-pkg/jsk_control"	"master"	"116"	"0"
"elggem/ros_people_model"	"ROS package for visual perception of people and associated attributes."	"https://github.com/elggem/ros_people_model"	"master"	"3"	"0"
"usc-clmc/usc-clmc-ros-pkg"	"ROS (Robot Operating System) packages from the CLMC Lab at the University of Southern California"	"https://github.com/usc-clmc/usc-clmc-ros-pkg"	"master"	"121"	"0"
"tonuonu/TYROS"	"ROS packages made in University of Tartu"	"https://github.com/tonuonu/TYROS"	"master"	"7"	"0"
"stonier/win_ros"	"Windows support for Ros (Robot Operating System)"	"https://github.com/stonier/win_ros"	"fuerte"	"4"	"0"
"toborguru/beagleboard_navstack"	"ROS Navigation stack for the beagleboard."	"https://github.com/toborguru/beagleboard_navstack"	"master"	"12"	"0"
"felix-kolbe/uashh-rvl-ros-pkg"	"University of Applied Sciences Hamburg Robot Vision Lab ROS Repository"	"https://github.com/felix-kolbe/uashh-rvl-ros-pkg"	"master"	"41"	"0"
"uu-isrc-robotics/uu-isrc-robotics-pr2-pkgs"	"ROS packages for the PR2 of the University of Ulster, Intelligent Systems Research Centre, Cognitive Robotics Team"	"https://github.com/uu-isrc-robotics/uu-isrc-robotics-pr2-pkgs"	"master"	"6"	"0"
"cwru-robotics/cwru-ros-pkg"	"CWRU ROS Packages"	"https://github.com/cwru-robotics/cwru-ros-pkg"	"master"	"34"	"0"
"davetcoleman/clam"	"ROS software for controlling 7-DOF low-cost robotic manipulator"	"https://github.com/davetcoleman/clam"	"indigo-devel"	"53"	"0"
"youbot/youbot-ros-pkg"	"ROS stacks for the KUKA youBot"	"https://github.com/youbot/youbot-ros-pkg"	"master"	"47"	"0"
"JBot/smart-robotics-ros-pkg"	"ROS packages repository of the association SMART (autonomouS Multi Application Robot Team) "	"https://github.com/JBot/smart-robotics-ros-pkg"	"master"	"149"	"0"
"lagadic/visp_tracker-deprecated"	"Deprecated ROS component wrapping ViSP trackers."	"https://github.com/lagadic/visp_tracker-deprecated"	"master"	"15"	"0"
"MST-Robotics/Jomegatron_IGVC"	"Jomegatron's ROS stacks and support files for the IGVC robotics competition"	"https://github.com/MST-Robotics/Jomegatron_IGVC"	"master"	"40"	"0"
"cedricpradalier/ros_task_manager"	"Generic Task Manager for ROS"	"https://github.com/cedricpradalier/ros_task_manager"	"master"	"11"	"0"
"wg-perception/object_recognition_ros"	"ROS components usable byt the object_recognition pipeline"	"https://github.com/wg-perception/object_recognition_ros"	"master"	"6"	"0"
"bk8190/bk-ros"	""	"https://github.com/bk8190/bk-ros"	"master"	"14"	"0"
"jitrc/eklavya-ros-pkg"	"Repo for Eklavya bot of Autonomous Ground Vehicle Research Group IIT Kharagpur"	"https://github.com/jitrc/eklavya-ros-pkg"	"master"	"28"	"0"
"leonard-lab/dcslROS"	"Source code for Miabot and Beluga ROS System"	"https://github.com/leonard-lab/dcslROS"	"groovy-devel"	"44"	"0"
"kalakris/stomp"	"STOMP motion planner for ROS Groovy"	"https://github.com/kalakris/stomp"	"master"	"14"	"0"
"utexas-bwi/bwi_experimental"	"Experimental ROS packages for the UTexas BWI project"	"https://github.com/utexas-bwi/bwi_experimental"	"master"	"8"	"0"
"SalemHarrache/robair-ros-pkg"	"Ros application for Robair 2013 Project"	"https://github.com/SalemHarrache/robair-ros-pkg"	"master"	"3"	"0"
"dantard/unizar-rt-wmp-ros-pkg"	""	"https://github.com/dantard/unizar-rt-wmp-ros-pkg"	"master"	"1"	"0"
"sniekum/ar_track_alvar"	"MOVED TO https://github.com/ros-perception/ar_track_alvar"	"https://github.com/sniekum/ar_track_alvar"	"indigo-devel"	"13"	"0"
"uscauv-legacy/old-uscauv-ros-pkg"	"ROS software used on robots made by the USC AUV Team."	"https://github.com/uscauv-legacy/old-uscauv-ros-pkg"	"hydro_unstable"	"62"	"0"
"jbohren-forks/pr2_doors"	"Fork of http://ros.org/wiki/pr2_doors"	"https://github.com/jbohren-forks/pr2_doors"	"master"	"51"	"0"
"pirobot/rbx1"	"ROS By Example Volume 1"	"https://github.com/pirobot/rbx1"	"indigo-devel"	"66"	"0"
"shadow-robot/sr-teleop"	"Teleoperation ROS stack from Shadow Robot."	"https://github.com/shadow-robot/sr-teleop"	"kinetic-devel"	"4"	"0"
"decoderdan/projectPhoenix"	"ROS AUV - Scratch build"	"https://github.com/decoderdan/projectPhoenix"	"master"	"10"	"0"
"davetcoleman/baxter_cpp"	"Additional Baxter packages for MoveIt, written entirely in C++"	"https://github.com/davetcoleman/baxter_cpp"	"kinetic-devel"	"38"	"0"
"bcharrow/scarab"	"ROS code for UPenn's scarab robot"	"https://github.com/bcharrow/scarab"	"master"	"15"	"0"
"pbouffard/ccny-ros-pkg-pbouffard"	"Public repository hosting changes I've made to ccny-ros-pkg (particularly, the AscTec UAV related bits)"	"https://github.com/pbouffard/ccny-ros-pkg-pbouffard"	"master"	"50"	"0"
"clubcapra/Ibex"	"Capra-Ibex is a ROS-based solution for managing and operating Club Capra's autonomous vehicles."	"https://github.com/clubcapra/Ibex"	"master"	"157"	"0"
"rospilot/rospilot"	"An autopilot based on Linux, Ardupilot, and ROS"	"https://github.com/rospilot/rospilot"	"master"	"2"	"0"
"sterlingm/ramp"	"This is a ROS metapackage that implements the Real-time Adaptive Motion Planning algorithm."	"https://github.com/sterlingm/ramp"	"master"	"27"	"0"
"ADVRHumanoids/iit-coman-ros-pkg"	"Repository for the compliant humanoid robot COMAN from the Italian Institute of Technology."	"https://github.com/ADVRHumanoids/iit-coman-ros-pkg"	"master"	"5"	"0"
"sigproc/qbo_sigproc"	"A ROS stack for SigProc's Q.bo"	"https://github.com/sigproc/qbo_sigproc"	"master"	"36"	"0"
"gtagency/buzzmobile"	"An autonomous parade float/vehicle"	"https://github.com/gtagency/buzzmobile"	"master"	"22"	"0"
"g/roboteq"	"ROS driver for serial-connected Roboteq motor drivers"	"https://github.com/g/roboteq"	"indigo-devel"	"1"	"0"
"uf-mil-archive/PropaGator"	"ROS packages specific to the PropaGator robot"	"https://github.com/uf-mil-archive/PropaGator"	"master"	"35"	"0"
"uf-mil/SubjuGator"	"SubjuGator 8 on-board software"	"https://github.com/uf-mil/SubjuGator"	"master"	"33"	"0"
"strawlab/freemovr_engine"	"perspective-correct VR for freely moving animals engine"	"https://github.com/strawlab/freemovr_engine"	"master"	"8"	"0"
"omwdunkley/crazyflieROS"	"A GUI for controlling the Crazyflie with ROS input/output"	"https://github.com/omwdunkley/crazyflieROS"	"master"	"8"	"0"
"robotican/lizi"	""	"https://github.com/robotican/lizi"	"master"	"14"	"0"
"pandora-auth-ros-pkg/pandora_ros_pkgs"	"Contains all PANDORA ROS packages, for CI purposes."	"https://github.com/pandora-auth-ros-pkg/pandora_ros_pkgs"	"indigo-devel"	"210"	"0"
"colerc2/btce_bot"	"BTC-E trading bot written in C++/Python using ROS"	"https://github.com/colerc2/btce_bot"	"master"	"4"	"0"
"atenpas/handle_detector"	"ROS package to localize handles in 3D point clouds"	"https://github.com/atenpas/handle_detector"	"master"	"3"	"0"
"Atom-machinerule/OpenQbo"	"A backup Repository for the Qbo Robot ROS ""Electric"" Stacks and associated files. Browse the git branches for compatible versions for the different ROS releases."	"https://github.com/Atom-machinerule/OpenQbo"	"master"	"36"	"0"
"jhu-dvrk/dvrk-ros"	"daVinci Research Kit ROS stack "	"https://github.com/jhu-dvrk/dvrk-ros"	"master"	"14"	"0"
"Ellon/rtslamros"	"ROS node to use with RT-SLAM"	"https://github.com/Ellon/rtslamros"	"master"	"2"	"0"
"kucars/haptic_teleoperation"	"A ROS package for haptic teleoperation"	"https://github.com/kucars/haptic_teleoperation"	"master"	"15"	"0"
"pirobot/rbx2"	"ROS By Example Volume 2"	"https://github.com/pirobot/rbx2"	"indigo-devel"	"176"	"0"
"hansonrobotics/pi_vision"	"Pi Vision ported to ROS Indigo"	"https://github.com/hansonrobotics/pi_vision"	"master"	"9"	"0"
"CalPolyRobotics/IGVC-ROS"	"ROS implementation to be running on the actual autonomous vehicle."	"https://github.com/CalPolyRobotics/IGVC-ROS"	"master"	"25"	"0"
"KumarRobotics/bluefox2"	"ROS driver for the Matrix Vision mvBlueFOX cameras"	"https://github.com/KumarRobotics/bluefox2"	"master"	"6"	"0"
"personalrobotics/apriltags"	"ROS wrapper for the Apriltags visual fiducial tracker"	"https://github.com/personalrobotics/apriltags"	"master"	"6"	"0"
"KCL-Planning/ROSPlan"	"The ROSPlan framework provides a generic method for task planning in a ROS system."	"https://github.com/KCL-Planning/ROSPlan"	"master"	"7"	"0"
"chrisl8/ArloBot"	"ROS Package for a Parallax ArloBot based off of Turtlebot code"	"https://github.com/chrisl8/ArloBot"	"new-serial-interface"	"60"	"0"
"drfeiliu/pioneer3_control_ros"	"Control pioneer3 robots under ROS."	"https://github.com/drfeiliu/pioneer3_control_ros"	"master"	"1"	"0"
"b-adkins/ros_pomdp"	"ROS nodes and libraries for running partially observable Markov decision processes (POMDPs) and related machine learning."	"https://github.com/b-adkins/ros_pomdp"	"master"	"4"	"0"
"ROS-PSE/arni"	"this is the codebase of the Advanced ROS Network Introspection."	"https://github.com/ROS-PSE/arni"	"master"	"21"	"0"
"at-wat/hokuyo3d"	"A ROS driver node for VSSP protocol compliant HOKUYO 3D LIDARs"	"https://github.com/at-wat/hokuyo3d"	"master"	"1"	"0"
"chili-epfl/cowriter_letter_learning"	"A collection of ROS nodes which enable children to teach the Nao robot handwriting."	"https://github.com/chili-epfl/cowriter_letter_learning"	"master"	"1"	"0"
"RightHandRobotics/reflex-ros-pkg"	"This repo contains base ROS code for controlling the Right Hand Robotics ReFlex hand. More info at www.righthandrobotics.com"	"https://github.com/RightHandRobotics/reflex-ros-pkg"	"master"	"10"	"0"
"usnistgov/youbot"	"Robotic platform for industrial control systems cybersecurity research.  We use the research-grade Youbot as the robotics platform for our research.  The ROS framework is used for inter-process communication, and Python is the language used for application development."	"https://github.com/usnistgov/youbot"	"master"	"42"	"0"
"irvs/ros_tms"	"It is a service robot system with an informationally structured environment referred to the ROS-TMS. This system enables the integration of various data from distributed sensors, as well as storage of these data in an on-line database and the planning of the service motion of a robot using real-time information about the surroundings. If we want use ROS-TMS, please check the releases information. https://github.com/irvs/ros_tms/releases"	"https://github.com/irvs/ros_tms"	"develop"	"183"	"0"
"shaykalyan/SE306-ROS"	""	"https://github.com/shaykalyan/SE306-ROS"	"develop"	"13"	"0"
"Scheik/ROS-Workspace"	"Catkin workspace for my ROS driven mobile robot"	"https://github.com/Scheik/ROS-Workspace"	"master"	"20"	"0"
"tdenewiler/node_example"	"ROS node examples with parameter server, dynamic reconfigure, timers, and custom messages for C++ and Python."	"https://github.com/tdenewiler/node_example"	"master"	"6"	"0"
"uzh-rpg/rpg_dvs_ros"	"ROS packages for DVS"	"https://github.com/uzh-rpg/rpg_dvs_ros"	"master"	"21"	"0"
"elpimous/Neo_robot"	"ros nodes for QBO robot, from THE CORPORA firm"	"https://github.com/elpimous/Neo_robot"	"master"	"176"	"0"
"carlosmccosta/dynamic_robot_localization_tests"	"Tests for dynamic_robot_localization ROS package"	"https://github.com/carlosmccosta/dynamic_robot_localization_tests"	"hydro-devel"	"75"	"0"
"florisvb/multi_tracker"	"Multiple object tracking for single camera in ROS."	"https://github.com/florisvb/multi_tracker"	"master"	"3"	"0"
"Flos/ros-image_cloud"	"ROS package for Sensor fusion between lidar (PointClouds, PCL) and Image sensors."	"https://github.com/Flos/ros-image_cloud"	"master"	"7"	"0"
"team-vigir/vigir_manipulation_planning"	"This repository contains ROS packages related to manipulation motion planning"	"https://github.com/team-vigir/vigir_manipulation_planning"	"master"	"6"	"0"
"edinferno/edinferno"	"Rewrite of Edinferno's codebase using ROS"	"https://github.com/edinferno/edinferno"	"dev"	"5"	"0"
"daenny/collvoid"	"ROS multi_robot_collision_avoidance"	"https://github.com/daenny/collvoid"	"master"	"42"	"0"
"warp1337/opencv_facerecognizer"	"Distributed Face Detection and Recognition Pipeline including ROS/RSB Middleware Support"	"https://github.com/warp1337/opencv_facerecognizer"	"master"	"2"	"0"
"DaikiMaekawa/quadrotor_moveit_nav"	"This packages provide path planner for moving the quadrotor in 3D using ROS."	"https://github.com/DaikiMaekawa/quadrotor_moveit_nav"	"master"	"29"	"0"
"PX4/containers"	"Build scripts for containers and virtual machines running various PX4 setups, like SITL with ROS."	"https://github.com/PX4/containers"	"master"	"1"	"0"
"occamLab/tango_ros_bridge"	"Allows the streaming of sensor data from a Google Tango smartphone to a computer running ROS"	"https://github.com/occamLab/tango_ros_bridge"	"master"	"4"	"0"
"spencer-project/spencer_people_tracking"	"Multi-modal ROS-based people detection and tracking framework for mobile robots developed within the context of the EU FP7 project SPENCER."	"https://github.com/spencer-project/spencer_people_tracking"	"master"	"58"	"0"
"austin-robot/utexas-art-ros-pkg"	"ROS packages for UTexas and Austin Robot Technology driverless car"	"https://github.com/austin-robot/utexas-art-ros-pkg"	"master"	"36"	"0"
"ros-industrial/swri-ros-pkg"	"Automatically exported from code.google.com/p/swri-ros-pkg"	"https://github.com/ros-industrial/swri-ros-pkg"	"master"	"177"	"0"
"veltrop/veltrop_ros_pkg"	"Taylor Veltrop's ROS packages for RoBoard, Veltrobot, immersive teleoperation, and stereo vision"	"https://github.com/veltrop/veltrop_ros_pkg"	"master"	"27"	"0"
"spiralray/nhk2015_back_ros"	"ROS programs of ABU Robocon 2015"	"https://github.com/spiralray/nhk2015_back_ros"	"master"	"22"	"0"
"dxydas/ros-bioloid"	"Code and config files for a customised Bioloid robot based on the ROS platform."	"https://github.com/dxydas/ros-bioloid"	"master"	"37"	"0"
"kuka-isir/cart_opt_ctrl"	"RTT/ROS minimal operational space controller"	"https://github.com/kuka-isir/cart_opt_ctrl"	"master"	"3"	"0"
"ethz-asl/ros_vrpn_client"	"Ros interface for http://www.cs.unc.edu/Research/vrpn/"	"https://github.com/ethz-asl/ros_vrpn_client"	"master"	"3"	"0"
"LGD-Fr/hand_control"	"ROS package to control a ""Parrot AR Drone"" with the hand movements measured by a Microsoft Kinect sensor."	"https://github.com/LGD-Fr/hand_control"	"master"	"3"	"0"
"AIS-Bonn/nimbro_network"	"ROS network stack: Topic/service transport over unreliable network connections"	"https://github.com/AIS-Bonn/nimbro_network"	"master"	"13"	"0"
"weidel-p/ros_music_adapter"	""	"https://github.com/weidel-p/ros_music_adapter"	"master"	"6"	"0"
"uncc-visionlab/netbeans-ros-pack"	"ROS Integrated Development Environment for the Netbeans IDE"	"https://github.com/uncc-visionlab/netbeans-ros-pack"	"master"	"1"	"0"
"karrerm/fastfusion_ros"	"ROS wrapper around TUM's fastfusion"	"https://github.com/karrerm/fastfusion_ros"	"master"	"2"	"0"
"dynMapMaster/mir_layered_costmap"	"Port of the costmap_2d package from the navigation stack in ROS Indigo."	"https://github.com/dynMapMaster/mir_layered_costmap"	"master"	"14"	"0"
"walkingmachinegraveyard/Short-Circuit"	"deprecated"	"https://github.com/walkingmachinegraveyard/Short-Circuit"	"master"	"253"	"0"
"OSUPhysicsCapstone15/CapstoneROS"	"Just the ROS side of the Capstone Robot"	"https://github.com/OSUPhysicsCapstone15/CapstoneROS"	"master"	"2"	"0"
"tu-darmstadt-ros-pkg/hector_calibration"	"ROS packages related to calibration of robots and subsystems (cameras, LIDAR, kinematics)"	"https://github.com/tu-darmstadt-ros-pkg/hector_calibration"	"master"	"23"	"0"
"geduino-foundation/geduino-ros"	"The Geduino ROS package"	"https://github.com/geduino-foundation/geduino-ros"	"master-kinetic"	"9"	"0"
"rst-tu-dortmund/pxpincher_ros"	"Hardware and support package for the PhantomX Pincher robot arm"	"https://github.com/rst-tu-dortmund/pxpincher_ros"	"kinetic-devel"	"5"	"0"
"duckietown/Software"	"This repository contains all the software that runs on the Duckiebot, as well as support files (e.g. maps), plus hardware schematics."	"https://github.com/duckietown/Software"	"master19"	"288"	"0"
"rapp-project/rapp-platform"	"RAPP Platform is a collection of ROS nodes and back-end processes that aim to deliver ready-to-use generic services to robots"	"https://github.com/rapp-project/rapp-platform"	"master"	"48"	"0"
"dfridovi/ROS"	"ROS packages for UAV exploration and reconstruction project."	"https://github.com/dfridovi/ROS"	"master"	"7"	"0"
"PDuckworth/activity_analysis"	"ROS activity analysis package. To manage and represent skeleton and object data about humans in indoor environments."	"https://github.com/PDuckworth/activity_analysis"	"master"	"3"	"0"
"bayesian-object-tracking/dbot_ros"	"ROS package of Depth-Based Bayesian Object Tracking"	"https://github.com/bayesian-object-tracking/dbot_ros"	"master"	"6"	"0"
"wsnewman/learning_ros"	"repository to accompany ""A Systematic Approach to Learning Robot Programming with ROS"""	"https://github.com/wsnewman/learning_ros"	"master"	"123"	"0"
"openigtlink/ROS-IGTL-Bridge"	"ROS node to exchange data between ROS and medical image computing software using the OpenIGTLink protocol."	"https://github.com/openigtlink/ROS-IGTL-Bridge"	"master"	"2"	"0"
"hcrlab/code_it"	"A standalone Blockly programming application, integrated with ROS."	"https://github.com/hcrlab/code_it"	"indigo-devel"	"4"	"0"
"byu-magicc/roscopter"	"*Under Development* - A fully-featured multirotor autopilot for ROS, based on Dr. Beard's Quadrotor Notes"	"https://github.com/byu-magicc/roscopter"	"master"	"5"	"0"
"resibots/hexapod_ros"	"ROS Integration for our hexapods"	"https://github.com/resibots/hexapod_ros"	"master"	"7"	"0"
"Nsteel/Apollo_13"	"Implementation of the ROS Navigation Stack on a car-like robot using teb-planner. Implementation of lane detection. Implementation of autonomous exploration"	"https://github.com/Nsteel/Apollo_13"	"master"	"31"	"0"
"tysik/obstacle_detector"	"A ROS package for 2D obstacle detection based on laser range data. "	"https://github.com/tysik/obstacle_detector"	"master"	"3"	"0"
"cpaxton/costar_stack"	"Integrated ROS capabilities for planning, predicate inference, gripper control, and perception for use with the KUKA LBR IIWA and Universal Robots."	"https://github.com/cpaxton/costar_stack"	"master"	"77"	"0"
"PX4/uvc_ros_driver"	"A ros node to stream images from a multi-camera UVC device"	"https://github.com/PX4/uvc_ros_driver"	"master"	"1"	"0"
"magazino/pylon_camera"	"ROS-Driver for Basler Cameras"	"https://github.com/magazino/pylon_camera"	"indigo-devel"	"2"	"0"
"dsgou/ros_visual"	"The purpose of this project is to detect and track people in an indoor environment and recognize events regarding their movement using visual information. The visual information used consists of an RGB stream and a depth stream from an ASUS Xtion Pro or Microsoft Kinect."	"https://github.com/dsgou/ros_visual"	"master"	"24"	"0"
"CognitiveComputingResearchGroup/lidapy-framework"	"A Python-based LIDA framework using ROS."	"https://github.com/CognitiveComputingResearchGroup/lidapy-framework"	"master"	"4"	"0"
"lfermin77/Incremental_DuDe_ROS"	""	"https://github.com/lfermin77/Incremental_DuDe_ROS"	"master"	"6"	"0"
"Octanis1/Octanis1-ROS"	"ROS setup for Octanis Rover SBC."	"https://github.com/Octanis1/Octanis1-ROS"	"master"	"37"	"0"
"shantanu-vyas/ros-velodyne-dualreturn"	""	"https://github.com/shantanu-vyas/ros-velodyne-dualreturn"	"master"	"22"	"0"
"robotics-upo/upo_robot_navigation"	"Metapackage of ROS that contains the packages involved in the navigation system of the UPO robotics lab"	"https://github.com/robotics-upo/upo_robot_navigation"	"master"	"32"	"0"
"corobotics/corobot-kinetic"	"Main corobot code, refactored for ROS Kinetic"	"https://github.com/corobotics/corobot-kinetic"	"master"	"7"	"0"
"sbrodeur/ros-icreate-bbb"	"ROS (Robotic Operating System) packages for the iRobot Create with onboard BeagleBone Black"	"https://github.com/sbrodeur/ros-icreate-bbb"	"master"	"15"	"0"
"liuxinwust/aubo_robot"	"aubo robot meta-package. http://ros.org/wiki/aubo_robot"	"https://github.com/liuxinwust/aubo_robot"	"master"	"37"	"0"
"ethz-asl/mav_control_rw"	"Control strategies for rotary wing Micro Aerial Vehicles using ROS"	"https://github.com/ethz-asl/mav_control_rw"	"master"	"7"	"0"
"Team-Anveshak/aurora2017"	"ROS Meta Package containing packages for Rover Control"	"https://github.com/Team-Anveshak/aurora2017"	"master"	"12"	"0"
"NXROBO/spark"	"This repository contains the ROS wrapper of Sparks's driver plus various ROS applications."	"https://github.com/NXROBO/spark"	"master"	"181"	"0"
"ku-ya/uav_geometric_controller"	"UAV node for ROS"	"https://github.com/ku-ya/uav_geometric_controller"	"master"	"15"	"0"
"RockRaidersInc/ROS-Main"	""	"https://github.com/RockRaidersInc/ROS-Main"	"master"	"40"	"0"
"dusong7/Python_Exc_Ros_C"	""	"https://github.com/dusong7/Python_Exc_Ros_C"	"master"	"1"	"0"
"sonia-auv/proc_image_processing"	"Node that reads images from ros and apply filterchains"	"https://github.com/sonia-auv/proc_image_processing"	"master"	"1"	"0"
"h2r/ros_reality_bridge"	"Bridge to connect ROS network to Unity"	"https://github.com/h2r/ros_reality_bridge"	"master"	"2"	"0"
"jakeware/global_mapper"	"A global mapping package for ros."	"https://github.com/jakeware/global_mapper"	"master"	"2"	"0"
"sjtu-automatic-maritime-system/Sailboat-Ros"	"SJTU Autonomous sailboat project"	"https://github.com/sjtu-automatic-maritime-system/Sailboat-Ros"	"kinetic"	"21"	"0"
"ceptontech/cepton_ros"	"Cepton ROS package"	"https://github.com/ceptontech/cepton_ros"	"master"	"8"	"0"
"JulianYG/perls"	"SteamVR - BulletPhysics - ROS interface"	"https://github.com/JulianYG/perls"	"master"	"26"	"0"
"ut-ims-robotics/robotont"	"ROS support packages for robotont - an open robot hardware platform from the University of Tartu"	"https://github.com/ut-ims-robotics/robotont"	"kinetic-devel"	"32"	"0"
"billieblaze/ROS_Rover_addons"	"ROS addons and realtime web app for my Navio2 Based rover"	"https://github.com/billieblaze/ROS_Rover_addons"	"master"	"4"	"0"
"SvenzvaRobotics/svenzva_ros"	"The ROS drivers for the svenzva arm product line."	"https://github.com/SvenzvaRobotics/svenzva_ros"	"master"	"51"	"0"
"redbirdrobotics/ros_redbird_m7a"	"ROS packages for the Redbird Robotics IARC Mission 7a competition."	"https://github.com/redbirdrobotics/ros_redbird_m7a"	"master"	"2"	"0"
"BerkeleyAutomation/gqcnn"	"Python module for GQ-CNN training and deployment with ROS integration."	"https://github.com/BerkeleyAutomation/gqcnn"	"master"	"1"	"0"
"FedericoPecora/coordination_oru_ros"	"Multi-robot coordination package based on coordination_oru with ROS support"	"https://github.com/FedericoPecora/coordination_oru_ros"	"master"	"25"	"0"
"ethz-asl/mav_rtk_gps"	"ROS drivers for the Piksi Real Time Kinematic (RTK) GPS"	"https://github.com/ethz-asl/mav_rtk_gps"	"master"	"4"	"0"
"RoboJackets/ros-training"	"Training materials for IGVC and RoboRacing"	"https://github.com/RoboJackets/ros-training"	"master"	"11"	"0"
"Ewenwan/Ros"	"Êú∫Âô®‰∫∫Êìç‰ΩúÁ≥ªÁªüROS  ËØ≠Èü≥ËßÜËßâÊéßÂà∂ Èõ∑ËææÂª∫ÂõæÂØºËà™"	"https://github.com/Ewenwan/Ros"	"master"	"120"	"0"
"BCLab-UNM/SwarmBaseCode-ROS"	"The base code provided to teams participating in NASA Swarmathon IV."	"https://github.com/BCLab-UNM/SwarmBaseCode-ROS"	"master"	"3"	"0"
"larics/cartographer_combined"	"Combined cartographer and cartographer_ros repositories"	"https://github.com/larics/cartographer_combined"	"master"	"19"	"0"
"intel/ros_intel_movidius_ncs"	""	"https://github.com/intel/ros_intel_movidius_ncs"	"devel"	"13"	"0"
"sikang/mpl_ros"	"A ROS wrapper for trajectory planning based on motion primitives"	"https://github.com/sikang/mpl_ros"	"master"	"23"	"0"
"patrickelectric/bluerov_ros_playground"	"Scripts to help BlueRov integration with ROS"	"https://github.com/patrickelectric/bluerov_ros_playground"	"master"	"7"	"0"
"airalab/robonomics_comm"	"Robonomics communication package stack for ROS-enabled cyber-physical systems."	"https://github.com/airalab/robonomics_comm"	"master"	"7"	"0"
"NiryoRobotics/niryo_one_ros"	"Niryo One ROS stack"	"https://github.com/NiryoRobotics/niryo_one_ros"	"master"	"33"	"0"
"hans-robot/elfin_robot"	"ROS meta-package for Elfin robot"	"https://github.com/hans-robot/elfin_robot"	"kinetic-devel"	"93"	"0"
"IGVC-IITK/computer_vision"	"ROS nodes for robust lane detection on grass and automatic inverse perspective transformation"	"https://github.com/IGVC-IITK/computer_vision"	"devel"	"10"	"0"
"seed-solutions/aero-ros-pkg"	"AERO (SEEDNOID) ROS Package"	"https://github.com/seed-solutions/aero-ros-pkg"	"master"	"53"	"0"
"srikanth-narayanan/CarND-Capstone"	"A capstone project implementing Autonomous vehicle architecture for udacity Carla using ROS"	"https://github.com/srikanth-narayanan/CarND-Capstone"	"master"	"14"	"0"
"Bichette09/imaginarium"	"Robotic projects based on RaspberryPi and ros"	"https://github.com/Bichette09/imaginarium"	"master"	"19"	"0"
"uwsailbot/boat_2018"	"2018 ROS Architecture"	"https://github.com/uwsailbot/boat_2018"	"master"	"9"	"0"
"RobinAmsters/ROS_workshop"	"Introductory one-day workshop about the Robotic Operating System (ROS)"	"https://github.com/RobinAmsters/ROS_workshop"	"master"	"7"	"0"
"HJReachability/fastrack"	"A ROS implementation of Fast and Safe Tracking (FaSTrack)."	"https://github.com/HJReachability/fastrack"	"master"	"15"	"0"
"oaklandsmartvehicles/sequoia_ros"	"ROS packages for OU's IGVC Self-Drive competition entry"	"https://github.com/oaklandsmartvehicles/sequoia_ros"	"master"	"28"	"0"
"CSULA-RoboSub/Robosub2018"	"src folder for robosub 2018 cs team's ROS catkin workspace"	"https://github.com/CSULA-RoboSub/Robosub2018"	"master"	"7"	"0"
"ipa-jfh/robot_recorder"	"Record ROS for web-animation"	"https://github.com/ipa-jfh/robot_recorder"	"master"	"3"	"0"
"opencog/ghost_bridge"	"A ROS bridge between the Hanson Robotics stack and OpenCog's GHOST"	"https://github.com/opencog/ghost_bridge"	"master"	"3"	"0"
"PX4/avoidance"	"PX4 avoidance ROS node for obstacle detection and avoidance."	"https://github.com/PX4/avoidance"	"master"	"16"	"0"
"craftit/DogBotSoftware"	"DogBot API, ROS interface and firmware"	"https://github.com/craftit/DogBotSoftware"	"master"	"10"	"0"
"ros-industrial-consortium/trajopt_ros"	"Trajectory Optimization Motion Planner for ROS"	"https://github.com/ros-industrial-consortium/trajopt_ros"	"kinetic-devel"	"26"	"0"
"KaiL4eK/ros_course"	""	"https://github.com/KaiL4eK/ros_course"	"master"	"12"	"0"
"zultron/hal_ros_control"	"A real-time ros_control implementation with Machinekit HAL and boilerplate"	"https://github.com/zultron/hal_ros_control"	"kinetic-devel"	"5"	"0"
"createamind/ros_candy"	"Candy on ROS."	"https://github.com/createamind/ros_candy"	"master"	"1"	"0"
"lucasw/imgui_ros"	"View ros images, visualize in 2D and 3D, and interact with nodes through topics and services using https://github.com/ocornut/imgui"	"https://github.com/lucasw/imgui_ros"	"melodic"	"2"	"1"
"JHS-ARCC-Club/jetson_car"	"Repository for the development of the JHS Autonomous Race Car Club's ROS  Jetson Car (TX2) with RealSense D400"	"https://github.com/JHS-ARCC-Club/jetson_car"	"master"	"41"	"0"
"PX4/px4_ros_com"	"ROS2/ROS interface with PX4 through a Fast-RTPS bridge"	"https://github.com/PX4/px4_ros_com"	"master"	"0"	"1"
"yoshito-n-students/usb_cam_hardware"	"USB camera driver based on ros_control"	"https://github.com/yoshito-n-students/usb_cam_hardware"	"master"	"3"	"0"
"Kivo0/Visual-Servoing-ROS"	"this is for visual servoing of a turtlebot combined with navigation management"	"https://github.com/Kivo0/Visual-Servoing-ROS"	"master"	"11"	"0"
"super-owesome/bobble_controllers"	"ROS controllers for self balancing robot, Bobble-Bot."	"https://github.com/super-owesome/bobble_controllers"	"master"	"9"	"0"
"AcutronicRobotics/moveit2"	"The MoveIt 2 Motion Planning Framework for ROS 2.0"	"https://github.com/AcutronicRobotics/moveit2"	"master"	"52"	"1"
"whoidsl/ds_nav"	"This repository contains ROS navigation software"	"https://bitbucket.org/whoidsl/ds_nav"	"master"	"6"	"0"
"morsag/rob_lab"	"ROS control for Schunk LWA4 Powerball"	"https://bitbucket.org/morsag/rob_lab"	"master"	"13"	"0"
"droplabumich/sphere-hardware-interface"	"This repository contain a ROS node that communicates with the LPC1768 microcontroller over a serial line."	"https://bitbucket.org/droplabumich/sphere-hardware-interface"	"master"	"6"	"0"
"Tabjones/pacman_vision"	"Pacman vision module, ROS node."	"https://bitbucket.org/Tabjones/pacman_vision"	"master"	"2"	"0"
"roboticsgroup/hand_publisher"	"This ROS package provides the communication infrastructure for serial communication of the Skeleton Tracking and Adept Scara robot."	"https://bitbucket.org/roboticsgroup/hand_publisher"	"master"	"4"	"0"
"PickNikRobotics/jaco-ros"	"Jaco Robot Drivers
Original: https://github.com/Kinovarobotics/jaco-ros"	"https://bitbucket.org/PickNikRobotics/jaco-ros"	"picknik"	"99"	"0"
"castacks/epson_g364_imu_driver-release"	""	"https://bitbucket.org/castacks/epson_g364_imu_driver-release"	"master"	"1"	"0"
"ensta/meka-ros-pkg"	""	"https://bitbucket.org/ensta/meka-ros-pkg"	"master"	"142"	"0"
"guiche/rosebot_description"	"ROS package for rosebot"	"https://bitbucket.org/guiche/rosebot_description"	"master"	"7"	"0"
"cuflynet/flynet_launches"	"ROS Launch files for testing various configurations and components"	"https://bitbucket.org/cuflynet/flynet_launches"	"master"	"12"	"0"
"iocchi/hri_pnp"	"ROS node for simple HRI task with PNP."	"https://bitbucket.org/iocchi/hri_pnp"	"master"	"1"	"0"
"castacks/onboard-sdk-ros"	""	"https://bitbucket.org/castacks/onboard-sdk-ros"	"master"	"7"	"0"
"qbrobotics/qbmove-ros"	"This package contains the ROS nodes aimed to visualize and control the qbrobotics¬Æ qbmove device"	"https://bitbucket.org/qbrobotics/qbmove-ros"	"production-kinetic"	"2"	"0"
"DataspeedInc/dataspeed_ulc_ros"	""	"https://bitbucket.org/DataspeedInc/dataspeed_ulc_ros"	"master"	"3"	"0"
"airlab-polimi/ocarina-ros"	""	"https://bitbucket.org/airlab-polimi/ocarina-ros"	"master"	"1"	"0"
"udg_cirs/cola2_girona500"	"Repository to store the configuration .yaml and ROS .launch files for Girona 500"	"https://bitbucket.org/udg_cirs/cola2_girona500"	"master"	"13"	"0"
"hci7kspr16/sphere_ros"	""	"https://bitbucket.org/hci7kspr16/sphere_ros"	"master"	"1"	"0"
"badger_certh/badger_robotnik_ros_pkg"	"Robotnik packages for the Summit-XL-HL used in the BADGER Project of Horizon 2020."	"https://bitbucket.org/badger_certh/badger_robotnik_ros_pkg"	"master"	"55"	"0"
"cuflynet/rtabmap_ros"	""	"https://bitbucket.org/cuflynet/rtabmap_ros"	"master"	"41"	"0"
"castacks/viso2_ros"	"This is the web version taken from http://wiki.ros.org/viso2_ros"	"https://bitbucket.org/castacks/viso2_ros"	"master"	"2"	"0"
"theconstructcore/openai_examples_projects"	"Here you will find many examples for using the openai_ros package with different robots that we gradually give support to."	"https://bitbucket.org/theconstructcore/openai_examples_projects"	"master"	"58"	"0"
"castacks/blink1_node"	""	"https://bitbucket.org/castacks/blink1_node"	"master"	"1"	"0"
"whoidsl/ds_sensors"	"ROS package for many (but not all) sensors used within the Deep Submergence ecosystem."	"https://bitbucket.org/whoidsl/ds_sensors"	"master"	"11"	"0"
"davemcthomas/iit-coman-ros-pkg"	""	"https://bitbucket.org/davemcthomas/iit-coman-ros-pkg"	"master"	"6"	"0"
"3dpl/docker-ros-pepper"	""	"https://bitbucket.org/3dpl/docker-ros-pepper"	"master"	"5"	"0"
"projectcosys/cosys-ros-pkg"	"COSYS-ROS-PKG is a ros package for collaborative wheelchair systems within a smart home setting. Our system could benefit older adults who need assistive powered wheelchairs in their residence to help them with activities of daily living.

The wheelchair is equipped with low cost sensors 

1. Microsoft Kinect

2. Incremental Encoders

3. Inertial Measurement Unit

4. Dynamixel Servo Motors for Pan-Tilt Unit

3. Android Device for User Interface

It runs on embedded linux platform on 

1. Raspberry Pi

2. Intel Edison

3. Arduino

Additional information can be found here:
www.projectcosys.org"	"https://bitbucket.org/projectcosys/cosys-ros-pkg"	"indigo-jetson"	"37"	"0"
"adrlab/ct_ros"	""	"https://bitbucket.org/adrlab/ct_ros"	"master"	"15"	"0"
"rmituasteam/colmap_ros"	""	"https://bitbucket.org/rmituasteam/colmap_ros"	"master"	"2"	"0"
"jwrobotics/sbus_serial"	"ROS package for parsing Futaba SBUS serial data from a RC receiver."	"https://bitbucket.org/jwrobotics/sbus_serial"	"master"	"2"	"0"
"internationalauto/auto_guidance"	"ROS package for guidance system"	"https://bitbucket.org/internationalauto/auto_guidance"	"master"	"1"	"0"
"qbrobotics/qbhand-ros"	"This package contains the ROS nodes aimed to visualize and control the qbrobotics¬Æ qbhand device"	"https://bitbucket.org/qbrobotics/qbhand-ros"	"production-kinetic"	"2"	"0"
"cuflynet/px4_ros_files"	"Directory for our ros work on the px4. "	"https://bitbucket.org/cuflynet/px4_ros_files"	"master"	"3"	"0"
"acl-mit/rvo_path_planner"	"The ROS package rvo_path_planner."	"https://bitbucket.org/acl-mit/rvo_path_planner"	"master"	"7"	"0"
"cre8bb8/bb8_remote_controller"	"ROS node that allows manual remote operation of BB8.
It sits in between a remote control node (e.g. wiimote) and the chassis controller."	"https://bitbucket.org/cre8bb8/bb8_remote_controller"	"master"	"1"	"0"
"airlab-polimi/ros-base"	""	"https://bitbucket.org/airlab-polimi/ros-base"	"lifecycle"	"2"	"0"
"castacks/rosfovis"	"ca_stacks version of ROS fovis wrapper"	"https://bitbucket.org/castacks/rosfovis"	"master"	"9"	"0"
"udg_cirs/cola2_core"	"ROS metapackage that contains core package for the COLA2 architecture: cola2_msgs & cola2_lib."	"https://bitbucket.org/udg_cirs/cola2_core"	"master"	"2"	"0"
"cuflynet/guidance-sdk-ros"	""	"https://bitbucket.org/cuflynet/guidance-sdk-ros"	"master"	"1"	"0"
"leocneves/aulas-ros"	""	"https://bitbucket.org/leocneves/aulas-ros"	"master"	"4"	"0"
"mtlazaro/depth2laser"	"This package allows to generate laser scans extracted from RGB-D cameras.
ROS and NAOqi compatibility is provided."	"https://bitbucket.org/mtlazaro/depth2laser"	"master"	"2"	"0"
"srvuib/cpr_robots_driver"	"ROS stack to drive the CPR robots Slider and Mover4, from Commonplace Robotics."	"https://bitbucket.org/srvuib/cpr_robots_driver"	"catkin"	"3"	"0"
"mitchell_scott/sphero_swarm_ros"	""	"https://bitbucket.org/mitchell_scott/sphero_swarm_ros"	"master"	"3"	"0"
"cre8bb8/raspi_i2c_buscontroller"	"ROS Raspi I2C Buscontroller"	"https://bitbucket.org/cre8bb8/raspi_i2c_buscontroller"	"master"	"1"	"0"
"PickNikRobotics/realsense_ros"	"Realsense camera driver for ROS
Based on kernel V4L capture"	"https://bitbucket.org/PickNikRobotics/realsense_ros"	"master"	"3"	"0"
"BennyRe/ros-lfd-lat"	"This project provides a ROS stack to teach a robot through averaging trajectories."	"https://bitbucket.org/BennyRe/ros-lfd-lat"	"master"	"6"	"0"
"qbrobotics/qbdevice-ros"	"This package contains the common ROS structures for qbrobotics¬Æ devices"	"https://bitbucket.org/qbrobotics/qbdevice-ros"	"production-kinetic"	"10"	"0"
"PickNikRobotics/serial_depth"	"ROS Serial interface for the i2c PWM IR depth sensors"	"https://bitbucket.org/PickNikRobotics/serial_depth"	"master"	"1"	"0"
"whoidsl/sentry_mc"	"MC ROS interface for the Sentry AUV"	"https://bitbucket.org/whoidsl/sentry_mc"	"master"	"1"	"0"
"uwsensors/pr2_pretouch"	"A ROS metapackage about pretouch sensing capabilities and applications using the PR2 robot"	"https://bitbucket.org/uwsensors/pr2_pretouch"	"master"	"8"	"0"
"m08/nursery-ros"	"ROS files for the nursery robot"	"https://bitbucket.org/m08/nursery-ros"	"master"	"73"	"0"
"jondy276/rosbots"	"Api for use in TDDD63 with Nao and Ros. "	"https://bitbucket.org/jondy276/rosbots"	"release"	"30"	"0"
"iras-ind/coe_driver"	"The project refers to all the ros modules developed in order to implement the CanOverEthercat communication"	"https://bitbucket.org/iras-ind/coe_driver"	"master"	"2"	"0"
"castacks/navframe"	"A ros wrapper for ukf, defines the input type for different update messages(like odom, imu etc). "	"https://bitbucket.org/castacks/navframe"	"master"	"6"	"0"
"traclabs/trac_ik"	"Public repository for the current stable version of the TRACLabs' IK solver."	"https://bitbucket.org/traclabs/trac_ik"	"master"	"1"	"0"
"power_link/beginner_tutor"	"c++
ros tutorial
"	"https://bitbucket.org/power_link/beginner_tutor"	"master"	"3"	"0"
"auengagroactu_sens/dji_matrice100_onboard_sdk_ros"	""	"https://bitbucket.org/auengagroactu_sens/dji_matrice100_onboard_sdk_ros"	"3.1"	"6"	"0"
"AndyZe/pid"	"A PID controller for ROS."	"https://bitbucket.org/AndyZe/pid"	"master"	"3"	"0"
"whoidsl/ds_base"	"Base infrastructure for DSL ROS software upgrade"	"https://bitbucket.org/whoidsl/ds_base"	"master"	"5"	"0"
"castacks/epson_g364_imu_driver"	""	"https://bitbucket.org/castacks/epson_g364_imu_driver"	"master"	"1"	"0"
"zeabus2016/hg_ros_polulu"	"Zeabus AUV polulu repository"	"https://bitbucket.org/zeabus2016/hg_ros_polulu"	"master"	"1"	"0"
"leggedrobotics/bta_ros"	""	"https://bitbucket.org/leggedrobotics/bta_ros"	"master"	"8"	"0"
"akrauch/rovi2_group8"	"Ros Nodes and stuff"	"https://bitbucket.org/akrauch/rovi2_group8"	"master"	"28"	"0"
"castacks/sf30_node"	""	"https://bitbucket.org/castacks/sf30_node"	"master"	"1"	"0"
"_Luc_/hand_control"	" ROS package to control a ""Parrot AR Drone"" with the hand movements measured by a Microsoft Kinect sensor.

Contr√¥le de l‚Äôinclinaison d‚Äôun drone ¬´ Parrot AR ¬ª par celle d‚Äôune main film√©e par une Kinect, √† l‚Äôaide de ROS.
Projet de fin de premi√®re ann√©e d‚Äôun trin√¥me d‚Äô√©l√®ves de CentraleSup√©lec Metz."	"https://bitbucket.org/_Luc_/hand_control"	"master"	"3"	"0"
"cmu-ri-agent-robotics-lab/mvce_ws"	"Ros Hydro workspace for mvee and mvce - iROS2015"	"https://bitbucket.org/cmu-ri-agent-robotics-lab/mvce_ws"	"master"	"10"	"0"
"udg_cirs/ladybug3_ros_pkg"	"ROS package for Point Grey's Ladybug 3 camera"	"https://bitbucket.org/udg_cirs/ladybug3_ros_pkg"	"master"	"8"	"0"
"theconstructcore/people"	"Cloned from https://github.com/wg-perception/people.git so that we can update face_detector/param/classifier.yaml to work with ROS Kinetic"	"https://bitbucket.org/theconstructcore/people"	"master"	"9"	"0"
"robot-learning/optoforce_etherdaq"	"Ethernet driver for the Optoforce 6-axis Force/Torque sensors. Provides ROS communication with sensor including publishing sensor values to a topic and a ROS service for zeroing the force sensor."	"https://bitbucket.org/robot-learning/optoforce_etherdaq"	"master"	"2"	"0"
"zeabus2016/hg_ros_3dm_gx4"	"Zeabus AUV IMU software repo."	"https://bitbucket.org/zeabus2016/hg_ros_3dm_gx4"	"master"	"2"	"0"
